[
{
  "model": "products.promoter",
  "pk": 1,
  "fields": {
    "promoter_name": "PCMV",
    "promoter_code": "C"
  }
},
{
  "model": "products.promoter",
  "pk": 2,
  "fields": {
    "promoter_name": "EF1a",
    "promoter_code": "E"
  }
},
{
  "model": "products.promoter",
  "pk": 3,
  "fields": {
    "promoter_name": "EF1a Core",
    "promoter_code": "F"
  }
},
{
  "model": "products.promoterspecialcase",
  "pk": 1,
  "fields": {
    "promoter_name": "U6",
    "promoter_code": "U",
    "function_type_symbol": "SH",
    "delivery_type_symbol": null
  }
},
{
  "model": "products.promoterspecialcase",
  "pk": 2,
  "fields": {
    "promoter_name": "U6",
    "promoter_code": "U",
    "function_type_symbol": null,
    "delivery_type_symbol": "G"
  }
},
{
  "model": "products.promoterspecialcase",
  "pk": 3,
  "fields": {
    "promoter_name": "U6",
    "promoter_code": "U",
    "function_type_symbol": null,
    "delivery_type_symbol": "H"
  }
},
{
  "model": "products.promoterspecialcase",
  "pk": 4,
  "fields": {
    "promoter_name": "U6",
    "promoter_code": "U",
    "function_type_symbol": null,
    "delivery_type_symbol": "J"
  }
},
{
  "model": "products.property",
  "pk": 1,
  "fields": {
    "property_name": "Temp",
    "property_code": "X"
  }
},
{
  "model": "products.proteintag",
  "pk": 1,
  "fields": {
    "protein_tag_name": "His",
    "protein_tag_code": "H"
  }
},
{
  "model": "products.proteintag",
  "pk": 2,
  "fields": {
    "protein_tag_name": "MycDDK",
    "protein_tag_code": "D"
  }
},
{
  "model": "products.proteintag",
  "pk": 3,
  "fields": {
    "protein_tag_name": "Temp",
    "protein_tag_code": "0"
  }
},
{
  "model": "products.fluorescenemarker",
  "pk": 1,
  "fields": {
    "fluorescene_marker_name": "GFP",
    "fluorescene_marker_code": "G"
  }
},
{
  "model": "products.fluorescenemarker",
  "pk": 2,
  "fields": {
    "fluorescene_marker_name": "RFP",
    "fluorescene_marker_code": "R"
  }
},
{
  "model": "products.fluorescenemarker",
  "pk": 3,
  "fields": {
    "fluorescene_marker_name": "BFP",
    "fluorescene_marker_code": "B"
  }
},
{
  "model": "products.fluorescenemarker",
  "pk": 4,
  "fields": {
    "fluorescene_marker_name": "Luciferase",
    "fluorescene_marker_code": "L"
  }
},
{
  "model": "products.fluorescenemarker",
  "pk": 5,
  "fields": {
    "fluorescene_marker_name": "Temp",
    "fluorescene_marker_code": "0"
  }
},
{
  "model": "products.selectionmarker",
  "pk": 1,
  "fields": {
    "selection_marker_name": "Puro",
    "selection_marker_code": "P"
  }
},
{
  "model": "products.selectionmarker",
  "pk": 2,
  "fields": {
    "selection_marker_name": "BSD",
    "selection_marker_code": "B"
  }
},
{
  "model": "products.selectionmarker",
  "pk": 3,
  "fields": {
    "selection_marker_name": "Neo",
    "selection_marker_code": "N"
  }
},
{
  "model": "products.selectionmarker",
  "pk": 4,
  "fields": {
    "selection_marker_name": "Temp",
    "selection_marker_code": "0"
  }
},
{
  "model": "products.bacterialmarker",
  "pk": 1,
  "fields": {
    "bacterial_marker_name": "Temp",
    "bacterial_marker_code": "0"
  }
},
{
  "model": "products.bacterialmarkerspecialcase",
  "pk": 1,
  "fields": {
    "bacterial_marker_name": "Kan",
    "bacterial_marker_code": "K",
    "delivery_type_symbol": "L"
  }
},
{
  "model": "products.bacterialmarkerspecialcase",
  "pk": 2,
  "fields": {
    "bacterial_marker_name": "Kan",
    "bacterial_marker_code": "K",
    "delivery_type_symbol": "M"
  }
},
{
  "model": "products.bacterialmarkerspecialcase",
  "pk": 3,
  "fields": {
    "bacterial_marker_name": "Kan",
    "bacterial_marker_code": "K",
    "delivery_type_symbol": "H"
  }
},
{
  "model": "products.bacterialmarkerspecialcase",
  "pk": 4,
  "fields": {
    "bacterial_marker_name": "AMP",
    "bacterial_marker_code": "A",
    "delivery_type_symbol": "A"
  }
},
{
  "model": "products.bacterialmarkerspecialcase",
  "pk": 5,
  "fields": {
    "bacterial_marker_name": "AMP",
    "bacterial_marker_code": "A",
    "delivery_type_symbol": "B"
  }
},
{
  "model": "products.bacterialmarkerspecialcase",
  "pk": 6,
  "fields": {
    "bacterial_marker_name": "AMP",
    "bacterial_marker_code": "A",
    "delivery_type_symbol": "J"
  }
},
{
  "model": "products.bacterialmarkerspecialcase",
  "pk": 7,
  "fields": {
    "bacterial_marker_name": "CAM",
    "bacterial_marker_code": "C",
    "delivery_type_symbol": "S"
  }
},
{
  "model": "products.productcategory",
  "pk": 1,
  "fields": {
    "category_name": "CRISPR-Cas9",
    "description": null
  }
},
{
  "model": "products.productcategory",
  "pk": 2,
  "fields": {
    "category_name": "RNAi",
    "description": null
  }
},
{
  "model": "products.productcategory",
  "pk": 3,
  "fields": {
    "category_name": "Mammalian Cloning",
    "description": null
  }
},
{
  "model": "products.productcategory",
  "pk": 4,
  "fields": {
    "category_name": "Prokaryotic Cloning",
    "description": null
  }
},
{
  "model": "products.functiontype",
  "pk": 1,
  "fields": {
    "symbol": "CA",
    "function_type_name": "CRISPRa",
    "description": null,
    "load_status": null,
    "category": 1
  }
},
{
  "model": "products.functiontype",
  "pk": 2,
  "fields": {
    "symbol": "CI",
    "function_type_name": "CRISPRi",
    "description": null,
    "load_status": null,
    "category": 1
  }
},
{
  "model": "products.functiontype",
  "pk": 3,
  "fields": {
    "symbol": "CO",
    "function_type_name": "CRISPR-KN",
    "description": null,
    "load_status": null,
    "category": 1
  }
},
{
  "model": "products.functiontype",
  "pk": 4,
  "fields": {
    "symbol": "CD",
    "function_type_name": "AAVS1 KI Donor",
    "description": null,
    "load_status": null,
    "category": 1
  }
},
{
  "model": "products.functiontype",
  "pk": 5,
  "fields": {
    "symbol": "CN",
    "function_type_name": "CRISPRNick",
    "description": null,
    "load_status": null,
    "category": 1
  }
},
{
  "model": "products.functiontype",
  "pk": 6,
  "fields": {
    "symbol": "SH",
    "function_type_name": "RNAi",
    "description": null,
    "load_status": null,
    "category": 2
  }
},
{
  "model": "products.functiontype",
  "pk": 7,
  "fields": {
    "symbol": "EM",
    "function_type_name": "Overexpression",
    "description": null,
    "load_status": null,
    "category": 3
  }
},
{
  "model": "products.functiontype",
  "pk": 8,
  "fields": {
    "symbol": "EP",
    "function_type_name": "Prokaryotic Expression",
    "description": null,
    "load_status": null,
    "category": 4
  }
},
{
  "model": "products.functiontype",
  "pk": 9,
  "fields": {
    "symbol": "IM",
    "function_type_name": "Inducible Expression",
    "description": null,
    "load_status": null,
    "category": 3
  }
},
{
  "model": "products.deliverylibrary",
  "pk": 1,
  "fields": {
    "delivery_type_symbol": "S",
    "delivery_type_name": "Standard",
    "delivery_format_symbol": "d",
    "delivery_format_name": "DNA",
    "function_type": 1
  }
},
{
  "model": "products.deliverylibrary",
  "pk": 2,
  "fields": {
    "delivery_type_symbol": "S",
    "delivery_type_name": "Standard",
    "delivery_format_symbol": "k",
    "delivery_format_name": "DNA Kit",
    "function_type": 1
  }
},
{
  "model": "products.deliverylibrary",
  "pk": 3,
  "fields": {
    "delivery_type_symbol": "S",
    "delivery_type_name": "Standard",
    "delivery_format_symbol": "c",
    "delivery_format_name": "Cell",
    "function_type": 1
  }
},
{
  "model": "products.deliverylibrary",
  "pk": 4,
  "fields": {
    "delivery_type_symbol": "L",
    "delivery_type_name": "Lenti",
    "delivery_format_symbol": "d",
    "delivery_format_name": "DNA",
    "function_type": 1
  }
},
{
  "model": "products.deliverylibrary",
  "pk": 5,
  "fields": {
    "delivery_type_symbol": "L",
    "delivery_type_name": "Lenti",
    "delivery_format_symbol": "k",
    "delivery_format_name": "DNA Kit",
    "function_type": 1
  }
},
{
  "model": "products.deliverylibrary",
  "pk": 6,
  "fields": {
    "delivery_type_symbol": "L",
    "delivery_type_name": "Lenti",
    "delivery_format_symbol": "l",
    "delivery_format_name": "Lenti",
    "function_type": 1
  }
},
{
  "model": "products.deliverylibrary",
  "pk": 7,
  "fields": {
    "delivery_type_symbol": "L",
    "delivery_type_name": "Lenti",
    "delivery_format_symbol": "c",
    "delivery_format_name": "Cell",
    "function_type": 1
  }
},
{
  "model": "products.deliverylibrary",
  "pk": 8,
  "fields": {
    "delivery_type_symbol": "M",
    "delivery_type_name": "Lenti-AIO",
    "delivery_format_symbol": "d",
    "delivery_format_name": "DNA",
    "function_type": 1
  }
},
{
  "model": "products.deliverylibrary",
  "pk": 9,
  "fields": {
    "delivery_type_symbol": "M",
    "delivery_type_name": "Lenti-AIO",
    "delivery_format_symbol": "k",
    "delivery_format_name": "DNA Kit",
    "function_type": 1
  }
},
{
  "model": "products.deliverylibrary",
  "pk": 10,
  "fields": {
    "delivery_type_symbol": "M",
    "delivery_type_name": "Lenti-AIO",
    "delivery_format_symbol": "l",
    "delivery_format_name": "Lenti",
    "function_type": 1
  }
},
{
  "model": "products.deliverylibrary",
  "pk": 11,
  "fields": {
    "delivery_type_symbol": "M",
    "delivery_type_name": "Lenti-AIO",
    "delivery_format_symbol": "c",
    "delivery_format_name": "Cell",
    "function_type": 1
  }
},
{
  "model": "products.deliverylibrary",
  "pk": 12,
  "fields": {
    "delivery_type_symbol": "S",
    "delivery_type_name": "Standard",
    "delivery_format_symbol": "d",
    "delivery_format_name": "DNA",
    "function_type": 8
  }
},
{
  "model": "products.deliverylibrary",
  "pk": 13,
  "fields": {
    "delivery_type_symbol": "S",
    "delivery_type_name": "Standard",
    "delivery_format_symbol": "c",
    "delivery_format_name": "Cell",
    "function_type": 8
  }
},
{
  "model": "products.deliverylibrary",
  "pk": 14,
  "fields": {
    "delivery_type_symbol": "L",
    "delivery_type_name": "Lenti",
    "delivery_format_symbol": "d",
    "delivery_format_name": "DNA",
    "function_type": 8
  }
},
{
  "model": "products.deliverylibrary",
  "pk": 15,
  "fields": {
    "delivery_type_symbol": "L",
    "delivery_type_name": "Lenti",
    "delivery_format_symbol": "l",
    "delivery_format_name": "Lenti",
    "function_type": 8
  }
},
{
  "model": "products.deliverylibrary",
  "pk": 16,
  "fields": {
    "delivery_type_symbol": "L",
    "delivery_type_name": "Lenti",
    "delivery_format_symbol": "c",
    "delivery_format_name": "Cell",
    "function_type": 8
  }
},
{
  "model": "products.deliverylibrary",
  "pk": 17,
  "fields": {
    "delivery_type_symbol": "A",
    "delivery_type_name": "AAV",
    "delivery_format_symbol": "d",
    "delivery_format_name": "DNA",
    "function_type": 8
  }
},
{
  "model": "products.deliverylibrary",
  "pk": 18,
  "fields": {
    "delivery_type_symbol": "A",
    "delivery_type_name": "AAV",
    "delivery_format_symbol": "a",
    "delivery_format_name": "AAV",
    "function_type": 8
  }
},
{
  "model": "products.deliverylibrary",
  "pk": 19,
  "fields": {
    "delivery_type_symbol": "A",
    "delivery_type_name": "AAV",
    "delivery_format_symbol": "c",
    "delivery_format_name": "Cell",
    "function_type": 8
  }
},
{
  "model": "products.deliverylibrary",
  "pk": 20,
  "fields": {
    "delivery_type_symbol": "S",
    "delivery_type_name": "Standard",
    "delivery_format_symbol": "d",
    "delivery_format_name": "DNA",
    "function_type": 2
  }
},
{
  "model": "products.deliverylibrary",
  "pk": 21,
  "fields": {
    "delivery_type_symbol": "S",
    "delivery_type_name": "Standard",
    "delivery_format_symbol": "k",
    "delivery_format_name": "DNA Kit",
    "function_type": 2
  }
},
{
  "model": "products.deliverylibrary",
  "pk": 22,
  "fields": {
    "delivery_type_symbol": "S",
    "delivery_type_name": "Standard",
    "delivery_format_symbol": "c",
    "delivery_format_name": "Cell",
    "function_type": 2
  }
},
{
  "model": "products.deliverylibrary",
  "pk": 23,
  "fields": {
    "delivery_type_symbol": "L",
    "delivery_type_name": "Lenti",
    "delivery_format_symbol": "d",
    "delivery_format_name": "DNA",
    "function_type": 2
  }
},
{
  "model": "products.deliverylibrary",
  "pk": 24,
  "fields": {
    "delivery_type_symbol": "L",
    "delivery_type_name": "Lenti",
    "delivery_format_symbol": "k",
    "delivery_format_name": "DNA Kit",
    "function_type": 2
  }
},
{
  "model": "products.deliverylibrary",
  "pk": 25,
  "fields": {
    "delivery_type_symbol": "L",
    "delivery_type_name": "Lenti",
    "delivery_format_symbol": "l",
    "delivery_format_name": "Lenti",
    "function_type": 2
  }
},
{
  "model": "products.deliverylibrary",
  "pk": 26,
  "fields": {
    "delivery_type_symbol": "L",
    "delivery_type_name": "Lenti",
    "delivery_format_symbol": "c",
    "delivery_format_name": "Cell",
    "function_type": 2
  }
},
{
  "model": "products.deliverylibrary",
  "pk": 27,
  "fields": {
    "delivery_type_symbol": "M",
    "delivery_type_name": "Lenti-AIO",
    "delivery_format_symbol": "c",
    "delivery_format_name": "Cell",
    "function_type": 2
  }
},
{
  "model": "products.deliverylibrary",
  "pk": 28,
  "fields": {
    "delivery_type_symbol": "M",
    "delivery_type_name": "Lenti-AIO",
    "delivery_format_symbol": "d",
    "delivery_format_name": "DNA",
    "function_type": 2
  }
},
{
  "model": "products.deliverylibrary",
  "pk": 29,
  "fields": {
    "delivery_type_symbol": "M",
    "delivery_type_name": "Lenti-AIO",
    "delivery_format_symbol": "k",
    "delivery_format_name": "DNA Kit",
    "function_type": 2
  }
},
{
  "model": "products.deliverylibrary",
  "pk": 30,
  "fields": {
    "delivery_type_symbol": "M",
    "delivery_type_name": "Lenti-AIO",
    "delivery_format_symbol": "l",
    "delivery_format_name": "Lenti",
    "function_type": 2
  }
},
{
  "model": "products.deliverylibrary",
  "pk": 31,
  "fields": {
    "delivery_type_symbol": "S",
    "delivery_type_name": "Standard",
    "delivery_format_symbol": "d",
    "delivery_format_name": "DNA",
    "function_type": 3
  }
},
{
  "model": "products.deliverylibrary",
  "pk": 32,
  "fields": {
    "delivery_type_symbol": "S",
    "delivery_type_name": "Standard",
    "delivery_format_symbol": "k",
    "delivery_format_name": "DNA Kit",
    "function_type": 3
  }
},
{
  "model": "products.deliverylibrary",
  "pk": 33,
  "fields": {
    "delivery_type_symbol": "S",
    "delivery_type_name": "Standard",
    "delivery_format_symbol": "c",
    "delivery_format_name": "Cell",
    "function_type": 3
  }
},
{
  "model": "products.deliverylibrary",
  "pk": 34,
  "fields": {
    "delivery_type_symbol": "L",
    "delivery_type_name": "Lenti",
    "delivery_format_symbol": "d",
    "delivery_format_name": "DNA",
    "function_type": 3
  }
},
{
  "model": "products.deliverylibrary",
  "pk": 35,
  "fields": {
    "delivery_type_symbol": "L",
    "delivery_type_name": "Lenti",
    "delivery_format_symbol": "k",
    "delivery_format_name": "DNA Kit",
    "function_type": 3
  }
},
{
  "model": "products.deliverylibrary",
  "pk": 37,
  "fields": {
    "delivery_type_symbol": "L",
    "delivery_type_name": "Lenti",
    "delivery_format_symbol": "c",
    "delivery_format_name": "Cell",
    "function_type": 3
  }
},
{
  "model": "products.deliverylibrary",
  "pk": 38,
  "fields": {
    "delivery_type_symbol": "M",
    "delivery_type_name": "Lenti-AIO",
    "delivery_format_symbol": "d",
    "delivery_format_name": "DNA",
    "function_type": 3
  }
},
{
  "model": "products.deliverylibrary",
  "pk": 39,
  "fields": {
    "delivery_type_symbol": "M",
    "delivery_type_name": "Lenti-AIO",
    "delivery_format_symbol": "k",
    "delivery_format_name": "DNA Kit",
    "function_type": 3
  }
},
{
  "model": "products.deliverylibrary",
  "pk": 41,
  "fields": {
    "delivery_type_symbol": "M",
    "delivery_type_name": "Lenti-AIO",
    "delivery_format_symbol": "c",
    "delivery_format_name": "Cell",
    "function_type": 3
  }
},
{
  "model": "products.deliverylibrary",
  "pk": 42,
  "fields": {
    "delivery_type_symbol": "A",
    "delivery_type_name": "AAV",
    "delivery_format_symbol": "d",
    "delivery_format_name": "DNA",
    "function_type": 3
  }
},
{
  "model": "products.deliverylibrary",
  "pk": 43,
  "fields": {
    "delivery_type_symbol": "A",
    "delivery_type_name": "AAV",
    "delivery_format_symbol": "k",
    "delivery_format_name": "DNA Kit",
    "function_type": 3
  }
},
{
  "model": "products.deliverylibrary",
  "pk": 45,
  "fields": {
    "delivery_type_symbol": "A",
    "delivery_type_name": "AAV",
    "delivery_format_symbol": "a",
    "delivery_format_name": "AAV",
    "function_type": 3
  }
},
{
  "model": "products.deliverylibrary",
  "pk": 46,
  "fields": {
    "delivery_type_symbol": "A",
    "delivery_type_name": "AAV",
    "delivery_format_symbol": "c",
    "delivery_format_name": "Cell",
    "function_type": 3
  }
},
{
  "model": "products.deliverylibrary",
  "pk": 47,
  "fields": {
    "delivery_type_symbol": "B",
    "delivery_type_name": "AAV-AIO",
    "delivery_format_symbol": "d",
    "delivery_format_name": "DNA",
    "function_type": 3
  }
},
{
  "model": "products.deliverylibrary",
  "pk": 48,
  "fields": {
    "delivery_type_symbol": "B",
    "delivery_type_name": "AAV-AIO",
    "delivery_format_symbol": "k",
    "delivery_format_name": "DNA Kit",
    "function_type": 3
  }
},
{
  "model": "products.deliverylibrary",
  "pk": 49,
  "fields": {
    "delivery_type_symbol": "B",
    "delivery_type_name": "AAV-AIO",
    "delivery_format_symbol": "a",
    "delivery_format_name": "AAV",
    "function_type": 3
  }
},
{
  "model": "products.deliverylibrary",
  "pk": 50,
  "fields": {
    "delivery_type_symbol": "B",
    "delivery_type_name": "AAV-AIO",
    "delivery_format_symbol": "c",
    "delivery_format_name": "Cell",
    "function_type": 3
  }
},
{
  "model": "products.deliverylibrary",
  "pk": 51,
  "fields": {
    "delivery_type_symbol": "G",
    "delivery_type_name": "Standard-gRNA",
    "delivery_format_symbol": "d",
    "delivery_format_name": "DNA",
    "function_type": 3
  }
},
{
  "model": "products.deliverylibrary",
  "pk": 52,
  "fields": {
    "delivery_type_symbol": "G",
    "delivery_type_name": "Standard-gRNA",
    "delivery_format_symbol": "k",
    "delivery_format_name": "DNA Kit",
    "function_type": 3
  }
},
{
  "model": "products.deliverylibrary",
  "pk": 53,
  "fields": {
    "delivery_type_symbol": "G",
    "delivery_type_name": "Standard-gRNA",
    "delivery_format_symbol": "c",
    "delivery_format_name": "Cell",
    "function_type": 3
  }
},
{
  "model": "products.deliverylibrary",
  "pk": 54,
  "fields": {
    "delivery_type_symbol": "H",
    "delivery_type_name": "Lenti-gRNA",
    "delivery_format_symbol": "d",
    "delivery_format_name": "DNA",
    "function_type": 3
  }
},
{
  "model": "products.deliverylibrary",
  "pk": 55,
  "fields": {
    "delivery_type_symbol": "H",
    "delivery_type_name": "Lenti-gRNA",
    "delivery_format_symbol": "k",
    "delivery_format_name": "DNA Kit",
    "function_type": 3
  }
},
{
  "model": "products.deliverylibrary",
  "pk": 56,
  "fields": {
    "delivery_type_symbol": "H",
    "delivery_type_name": "Lenti-gRNA",
    "delivery_format_symbol": "l",
    "delivery_format_name": "Lenti",
    "function_type": 3
  }
},
{
  "model": "products.deliverylibrary",
  "pk": 57,
  "fields": {
    "delivery_type_symbol": "H",
    "delivery_type_name": "Lenti-gRNA",
    "delivery_format_symbol": "c",
    "delivery_format_name": "Cell",
    "function_type": 3
  }
},
{
  "model": "products.deliverylibrary",
  "pk": 58,
  "fields": {
    "delivery_type_symbol": "J",
    "delivery_type_name": "AAV-gRNA",
    "delivery_format_symbol": "d",
    "delivery_format_name": "DNA",
    "function_type": 3
  }
},
{
  "model": "products.deliverylibrary",
  "pk": 59,
  "fields": {
    "delivery_type_symbol": "J",
    "delivery_type_name": "AAV-gRNA",
    "delivery_format_symbol": "k",
    "delivery_format_name": "DNA Kit",
    "function_type": 3
  }
},
{
  "model": "products.deliverylibrary",
  "pk": 60,
  "fields": {
    "delivery_type_symbol": "J",
    "delivery_type_name": "AAV-gRNA",
    "delivery_format_symbol": "a",
    "delivery_format_name": "AAV",
    "function_type": 3
  }
},
{
  "model": "products.deliverylibrary",
  "pk": 61,
  "fields": {
    "delivery_type_symbol": "J",
    "delivery_type_name": "AAV-gRNA",
    "delivery_format_symbol": "c",
    "delivery_format_name": "Cell",
    "function_type": 3
  }
},
{
  "model": "products.deliverylibrary",
  "pk": 62,
  "fields": {
    "delivery_type_symbol": "S",
    "delivery_type_name": "Standard",
    "delivery_format_symbol": "d",
    "delivery_format_name": "DNA",
    "function_type": 4
  }
},
{
  "model": "products.deliverylibrary",
  "pk": 63,
  "fields": {
    "delivery_type_symbol": "S",
    "delivery_type_name": "Standard",
    "delivery_format_symbol": "c",
    "delivery_format_name": "Cell",
    "function_type": 4
  }
},
{
  "model": "products.deliverylibrary",
  "pk": 64,
  "fields": {
    "delivery_type_symbol": "L",
    "delivery_type_name": "Lenti",
    "delivery_format_symbol": "d",
    "delivery_format_name": "DNA",
    "function_type": 4
  }
},
{
  "model": "products.deliverylibrary",
  "pk": 65,
  "fields": {
    "delivery_type_symbol": "L",
    "delivery_type_name": "Lenti",
    "delivery_format_symbol": "l",
    "delivery_format_name": "Lenti",
    "function_type": 4
  }
},
{
  "model": "products.deliverylibrary",
  "pk": 66,
  "fields": {
    "delivery_type_symbol": "L",
    "delivery_type_name": "Lenti",
    "delivery_format_symbol": "c",
    "delivery_format_name": "Cell",
    "function_type": 4
  }
},
{
  "model": "products.deliverylibrary",
  "pk": 67,
  "fields": {
    "delivery_type_symbol": "A",
    "delivery_type_name": "AAV",
    "delivery_format_symbol": "d",
    "delivery_format_name": "DNA",
    "function_type": 4
  }
},
{
  "model": "products.deliverylibrary",
  "pk": 68,
  "fields": {
    "delivery_type_symbol": "A",
    "delivery_type_name": "AAV",
    "delivery_format_symbol": "a",
    "delivery_format_name": "AAV",
    "function_type": 4
  }
},
{
  "model": "products.deliverylibrary",
  "pk": 69,
  "fields": {
    "delivery_type_symbol": "A",
    "delivery_type_name": "AAV",
    "delivery_format_symbol": "c",
    "delivery_format_name": "Cell",
    "function_type": 4
  }
},
{
  "model": "products.deliverylibrary",
  "pk": 70,
  "fields": {
    "delivery_type_symbol": "S",
    "delivery_type_name": "Standard",
    "delivery_format_symbol": "d",
    "delivery_format_name": "DNA",
    "function_type": 5
  }
},
{
  "model": "products.deliverylibrary",
  "pk": 71,
  "fields": {
    "delivery_type_symbol": "S",
    "delivery_type_name": "Standard",
    "delivery_format_symbol": "k",
    "delivery_format_name": "DNA Kit",
    "function_type": 5
  }
},
{
  "model": "products.deliverylibrary",
  "pk": 72,
  "fields": {
    "delivery_type_symbol": "S",
    "delivery_type_name": "Standard",
    "delivery_format_symbol": "c",
    "delivery_format_name": "Cell",
    "function_type": 5
  }
},
{
  "model": "products.deliverylibrary",
  "pk": 73,
  "fields": {
    "delivery_type_symbol": "L",
    "delivery_type_name": "Lenti",
    "delivery_format_symbol": "d",
    "delivery_format_name": "DNA",
    "function_type": 5
  }
},
{
  "model": "products.deliverylibrary",
  "pk": 74,
  "fields": {
    "delivery_type_symbol": "L",
    "delivery_type_name": "Lenti",
    "delivery_format_symbol": "k",
    "delivery_format_name": "DNA Kit",
    "function_type": 5
  }
},
{
  "model": "products.deliverylibrary",
  "pk": 75,
  "fields": {
    "delivery_type_symbol": "L",
    "delivery_type_name": "Lenti",
    "delivery_format_symbol": "l",
    "delivery_format_name": "Lenti",
    "function_type": 5
  }
},
{
  "model": "products.deliverylibrary",
  "pk": 76,
  "fields": {
    "delivery_type_symbol": "L",
    "delivery_type_name": "Lenti",
    "delivery_format_symbol": "c",
    "delivery_format_name": "Cell",
    "function_type": 5
  }
},
{
  "model": "products.deliverylibrary",
  "pk": 77,
  "fields": {
    "delivery_type_symbol": "M",
    "delivery_type_name": "Lenti-AIO",
    "delivery_format_symbol": "d",
    "delivery_format_name": "DNA",
    "function_type": 5
  }
},
{
  "model": "products.deliverylibrary",
  "pk": 78,
  "fields": {
    "delivery_type_symbol": "M",
    "delivery_type_name": "Lenti-AIO",
    "delivery_format_symbol": "k",
    "delivery_format_name": "DNA Kit",
    "function_type": 5
  }
},
{
  "model": "products.deliverylibrary",
  "pk": 79,
  "fields": {
    "delivery_type_symbol": "M",
    "delivery_type_name": "Lenti-AIO",
    "delivery_format_symbol": "l",
    "delivery_format_name": "Lenti",
    "function_type": 5
  }
},
{
  "model": "products.deliverylibrary",
  "pk": 80,
  "fields": {
    "delivery_type_symbol": "M",
    "delivery_type_name": "Lenti-AIO",
    "delivery_format_symbol": "c",
    "delivery_format_name": "Cell",
    "function_type": 5
  }
},
{
  "model": "products.deliverylibrary",
  "pk": 81,
  "fields": {
    "delivery_type_symbol": "A",
    "delivery_type_name": "AAV",
    "delivery_format_symbol": "d",
    "delivery_format_name": "DNA",
    "function_type": 5
  }
},
{
  "model": "products.deliverylibrary",
  "pk": 82,
  "fields": {
    "delivery_type_symbol": "A",
    "delivery_type_name": "AAV",
    "delivery_format_symbol": "k",
    "delivery_format_name": "DNA Kit",
    "function_type": 5
  }
},
{
  "model": "products.deliverylibrary",
  "pk": 83,
  "fields": {
    "delivery_type_symbol": "A",
    "delivery_type_name": "AAV",
    "delivery_format_symbol": "a",
    "delivery_format_name": "AAV",
    "function_type": 5
  }
},
{
  "model": "products.deliverylibrary",
  "pk": 84,
  "fields": {
    "delivery_type_symbol": "A",
    "delivery_type_name": "AAV",
    "delivery_format_symbol": "c",
    "delivery_format_name": "Cell",
    "function_type": 5
  }
},
{
  "model": "products.deliverylibrary",
  "pk": 85,
  "fields": {
    "delivery_type_symbol": "B",
    "delivery_type_name": "AAV-AIO",
    "delivery_format_symbol": "d",
    "delivery_format_name": "DNA",
    "function_type": 5
  }
},
{
  "model": "products.deliverylibrary",
  "pk": 86,
  "fields": {
    "delivery_type_symbol": "B",
    "delivery_type_name": "AAV-AIO",
    "delivery_format_symbol": "k",
    "delivery_format_name": "DNA Kit",
    "function_type": 5
  }
},
{
  "model": "products.deliverylibrary",
  "pk": 87,
  "fields": {
    "delivery_type_symbol": "B",
    "delivery_type_name": "AAV-AIO",
    "delivery_format_symbol": "a",
    "delivery_format_name": "AAV",
    "function_type": 5
  }
},
{
  "model": "products.deliverylibrary",
  "pk": 88,
  "fields": {
    "delivery_type_symbol": "B",
    "delivery_type_name": "AAV-AIO",
    "delivery_format_symbol": "c",
    "delivery_format_name": "Cell",
    "function_type": 5
  }
},
{
  "model": "products.deliverylibrary",
  "pk": 89,
  "fields": {
    "delivery_type_symbol": "S",
    "delivery_type_name": "Standard",
    "delivery_format_symbol": "d",
    "delivery_format_name": "DNA",
    "function_type": 6
  }
},
{
  "model": "products.deliverylibrary",
  "pk": 90,
  "fields": {
    "delivery_type_symbol": "S",
    "delivery_type_name": "Standard",
    "delivery_format_symbol": "k",
    "delivery_format_name": "DNA Kit",
    "function_type": 6
  }
},
{
  "model": "products.deliverylibrary",
  "pk": 91,
  "fields": {
    "delivery_type_symbol": "S",
    "delivery_type_name": "Standard",
    "delivery_format_symbol": "c",
    "delivery_format_name": "Cell",
    "function_type": 6
  }
},
{
  "model": "products.deliverylibrary",
  "pk": 92,
  "fields": {
    "delivery_type_symbol": "L",
    "delivery_type_name": "Lenti",
    "delivery_format_symbol": "d",
    "delivery_format_name": "DNA",
    "function_type": 6
  }
},
{
  "model": "products.deliverylibrary",
  "pk": 93,
  "fields": {
    "delivery_type_symbol": "L",
    "delivery_type_name": "Lenti",
    "delivery_format_symbol": "k",
    "delivery_format_name": "DNA Kit",
    "function_type": 6
  }
},
{
  "model": "products.deliverylibrary",
  "pk": 94,
  "fields": {
    "delivery_type_symbol": "L",
    "delivery_type_name": "Lenti",
    "delivery_format_symbol": "l",
    "delivery_format_name": "Lenti",
    "function_type": 6
  }
},
{
  "model": "products.deliverylibrary",
  "pk": 95,
  "fields": {
    "delivery_type_symbol": "A",
    "delivery_type_name": "AAV",
    "delivery_format_symbol": "d",
    "delivery_format_name": "DNA",
    "function_type": 6
  }
},
{
  "model": "products.deliverylibrary",
  "pk": 96,
  "fields": {
    "delivery_type_symbol": "A",
    "delivery_type_name": "AAV",
    "delivery_format_symbol": "k",
    "delivery_format_name": "DNA Kit",
    "function_type": 6
  }
},
{
  "model": "products.deliverylibrary",
  "pk": 97,
  "fields": {
    "delivery_type_symbol": "A",
    "delivery_type_name": "AAV",
    "delivery_format_symbol": "a",
    "delivery_format_name": "AAV",
    "function_type": 6
  }
},
{
  "model": "products.deliverylibrary",
  "pk": 98,
  "fields": {
    "delivery_type_symbol": "S",
    "delivery_type_name": "Standard",
    "delivery_format_symbol": "d",
    "delivery_format_name": "DNA",
    "function_type": 7
  }
},
{
  "model": "products.deliverylibrary",
  "pk": 99,
  "fields": {
    "delivery_type_symbol": "S",
    "delivery_type_name": "Standard",
    "delivery_format_symbol": "c",
    "delivery_format_name": "Cell",
    "function_type": 7
  }
},
{
  "model": "products.deliverylibrary",
  "pk": 100,
  "fields": {
    "delivery_type_symbol": "L",
    "delivery_type_name": "Lenti",
    "delivery_format_symbol": "d",
    "delivery_format_name": "DNA",
    "function_type": 7
  }
},
{
  "model": "products.deliverylibrary",
  "pk": 101,
  "fields": {
    "delivery_type_symbol": "L",
    "delivery_type_name": "Lenti",
    "delivery_format_symbol": "l",
    "delivery_format_name": "Lenti",
    "function_type": 7
  }
},
{
  "model": "products.deliverylibrary",
  "pk": 102,
  "fields": {
    "delivery_type_symbol": "L",
    "delivery_type_name": "Lenti",
    "delivery_format_symbol": "c",
    "delivery_format_name": "Cell",
    "function_type": 7
  }
},
{
  "model": "products.deliverylibrary",
  "pk": 103,
  "fields": {
    "delivery_type_symbol": "D",
    "delivery_type_name": "Dual",
    "delivery_format_symbol": "d",
    "delivery_format_name": "DNA",
    "function_type": 7
  }
},
{
  "model": "products.deliverylibrary",
  "pk": 104,
  "fields": {
    "delivery_type_symbol": "D",
    "delivery_type_name": "Dual",
    "delivery_format_symbol": "p",
    "delivery_format_name": "Protein",
    "function_type": 7
  }
},
{
  "model": "products.deliverylibrary",
  "pk": 105,
  "fields": {
    "delivery_type_symbol": "A",
    "delivery_type_name": "AAV",
    "delivery_format_symbol": "d",
    "delivery_format_name": "DNA",
    "function_type": 7
  }
},
{
  "model": "products.deliverylibrary",
  "pk": 106,
  "fields": {
    "delivery_type_symbol": "A",
    "delivery_type_name": "AAV",
    "delivery_format_symbol": "a",
    "delivery_format_name": "AAV",
    "function_type": 7
  }
},
{
  "model": "products.deliverylibrary",
  "pk": 107,
  "fields": {
    "delivery_type_symbol": "A",
    "delivery_type_name": "AAV",
    "delivery_format_symbol": "c",
    "delivery_format_name": "Cell",
    "function_type": 7
  }
},
{
  "model": "products.deliverylibrary",
  "pk": 108,
  "fields": {
    "delivery_type_symbol": "S",
    "delivery_type_name": "Standard",
    "delivery_format_symbol": "d",
    "delivery_format_name": "DNA",
    "function_type": 9
  }
},
{
  "model": "products.deliverylibrary",
  "pk": 109,
  "fields": {
    "delivery_type_symbol": "S",
    "delivery_type_name": "Standard",
    "delivery_format_symbol": "c",
    "delivery_format_name": "Cell",
    "function_type": 9
  }
},
{
  "model": "products.deliverylibrary",
  "pk": 110,
  "fields": {
    "delivery_type_symbol": "L",
    "delivery_type_name": "Lenti",
    "delivery_format_symbol": "d",
    "delivery_format_name": "DNA",
    "function_type": 9
  }
},
{
  "model": "products.deliverylibrary",
  "pk": 111,
  "fields": {
    "delivery_type_symbol": "L",
    "delivery_type_name": "Lenti",
    "delivery_format_symbol": "l",
    "delivery_format_name": "Lenti",
    "function_type": 9
  }
},
{
  "model": "products.deliverylibrary",
  "pk": 112,
  "fields": {
    "delivery_type_symbol": "L",
    "delivery_type_name": "Lenti",
    "delivery_format_symbol": "c",
    "delivery_format_name": "Cell",
    "function_type": 9
  }
},
{
  "model": "products.deliverylibrary",
  "pk": 113,
  "fields": {
    "delivery_type_symbol": "A",
    "delivery_type_name": "AAV",
    "delivery_format_symbol": "d",
    "delivery_format_name": "DNA",
    "function_type": 9
  }
},
{
  "model": "products.deliverylibrary",
  "pk": 114,
  "fields": {
    "delivery_type_symbol": "A",
    "delivery_type_name": "AAV",
    "delivery_format_symbol": "a",
    "delivery_format_name": "AAV",
    "function_type": 9
  }
},
{
  "model": "products.deliverylibrary",
  "pk": 115,
  "fields": {
    "delivery_type_symbol": "A",
    "delivery_type_name": "AAV",
    "delivery_format_symbol": "c",
    "delivery_format_name": "Cell",
    "function_type": 9
  }
},
{
  "model": "products.deliverylibrary",
  "pk": 116,
  "fields": {
    "delivery_type_symbol": "S",
    "delivery_type_name": "Standard",
    "delivery_format_symbol": "d",
    "delivery_format_name": "DNA",
    "function_type": 8
  }
},
{
  "model": "products.deliverylibrary",
  "pk": 117,
  "fields": {
    "delivery_type_symbol": "S",
    "delivery_type_name": "Standard",
    "delivery_format_symbol": "c",
    "delivery_format_name": "Cell",
    "function_type": 8
  }
},
{
  "model": "products.deliverylibrary",
  "pk": 118,
  "fields": {
    "delivery_type_symbol": "L",
    "delivery_type_name": "Lenti",
    "delivery_format_symbol": "d",
    "delivery_format_name": "DNA",
    "function_type": 8
  }
},
{
  "model": "products.deliverylibrary",
  "pk": 119,
  "fields": {
    "delivery_type_symbol": "L",
    "delivery_type_name": "Lenti",
    "delivery_format_symbol": "l",
    "delivery_format_name": "Lenti",
    "function_type": 8
  }
},
{
  "model": "products.deliverylibrary",
  "pk": 120,
  "fields": {
    "delivery_type_symbol": "L",
    "delivery_type_name": "Lenti",
    "delivery_format_symbol": "c",
    "delivery_format_name": "Cell",
    "function_type": 8
  }
},
{
  "model": "products.deliverylibrary",
  "pk": 121,
  "fields": {
    "delivery_type_symbol": "A",
    "delivery_type_name": "AAV",
    "delivery_format_symbol": "d",
    "delivery_format_name": "DNA",
    "function_type": 8
  }
},
{
  "model": "products.deliverylibrary",
  "pk": 122,
  "fields": {
    "delivery_type_symbol": "A",
    "delivery_type_name": "AAV",
    "delivery_format_symbol": "a",
    "delivery_format_name": "AAV",
    "function_type": 8
  }
},
{
  "model": "products.deliverylibrary",
  "pk": 123,
  "fields": {
    "delivery_type_symbol": "A",
    "delivery_type_name": "AAV",
    "delivery_format_symbol": "c",
    "delivery_format_name": "Cell",
    "function_type": 8
  }
}
]
