[{"model": "products.promoter", "pk": 1, "fields": {"promoter_name": "PCMV", "promoter_code": "C", "priority": 1, "enabled": true, "description": "human cytomegalovirus (CMV) promoter"}}, {"model": "products.promoter", "pk": 2, "fields": {"promoter_name": "EF1a", "promoter_code": "E", "priority": 1, "enabled": true, "description": "strong constitutive promoter for human elongation factor EF-1α"}}, {"model": "products.promoter", "pk": 3, "fields": {"promoter_name": "EF1a Core", "promoter_code": "F", "priority": 1, "enabled": true, "description": "core promoter for human elongation factor EF-1α"}}, {"model": "products.promoterspecialcase", "pk": 1, "fields": {"promoter_name": "U6", "promoter_code": "U", "priority": 1, "enabled": true, "function_type_symbol": "SH", "description": "RNA polymerase III promoter for human U6 snRNA"}}, {"model": "products.promoterspecialcase", "pk": 2, "fields": {"promoter_name": "U6", "promoter_code": "U", "priority": 1, "enabled": true, "function_type_symbol": "", "description": null}}, {"model": "products.promoterspecialcase", "pk": 3, "fields": {"promoter_name": "U6", "promoter_code": "U", "priority": 1, "enabled": true, "function_type_symbol": "", "description": null}}, {"model": "products.promoterspecialcase", "pk": 4, "fields": {"promoter_name": "U6", "promoter_code": "U", "priority": 1, "enabled": true, "function_type_symbol": "", "description": null}}, {"model": "products.promoterspecialcase", "pk": 5, "fields": {"promoter_name": "None", "promoter_code": "0", "priority": 1, "enabled": true, "function_type_symbol": "CD", "description": "No Promoter"}}, {"model": "products.promoterspecialcase", "pk": 6, "fields": {"promoter_name": "PCMV", "promoter_code": "C", "priority": 1, "enabled": true, "function_type_symbol": "CD", "description": "human cytomegalovirus (CMV) promoter"}}, {"model": "products.promoterspecialcase", "pk": 7, "fields": {"promoter_name": "EF1a", "promoter_code": "E", "priority": 1, "enabled": true, "function_type_symbol": "CD", "description": "strong constitutive promoter for human elongation factor EF-1α"}}, {"model": "products.promoterspecialcase", "pk": 8, "fields": {"promoter_name": "EF1a Core", "promoter_code": "F", "priority": 1, "enabled": true, "function_type_symbol": "CD", "description": "core promoter for human elongation factor EF-1α"}}, {"model": "products.promoterspecialcase", "pk": 9, "fields": {"promoter_name": "Inducible", "promoter_code": "D", "priority": 1, "enabled": true, "function_type_symbol": "IM", "description": "Tet-responsive promoter that can be activated by binding of Tet-On protein"}}, {"model": "products.property", "pk": 1, "fields": {"property_name": "Temp", "property_code": "X", "priority": 1, "enabled": true, "description": null}}, {"model": "products.proteintag", "pk": 1, "fields": {"protein_tag_name": "His", "protein_tag_code": "H", "priority": 1, "enabled": true, "description": "polyhistidine tag"}}, {"model": "products.proteintag", "pk": 2, "fields": {"protein_tag_name": "MycDDK", "protein_tag_code": "D", "priority": 1, "enabled": true, "description": "fusion epitope tag that combines the Myc tag and the DDK tag (also known as FLAG tag)"}}, {"model": "products.proteintag", "pk": 3, "fields": {"protein_tag_name": "None", "protein_tag_code": "0", "priority": 1, "enabled": true, "description": "No attached protein tag"}}, {"model": "products.proteintag", "pk": 4, "fields": {"protein_tag_name": "Customized", "protein_tag_code": "I", "priority": 1, "enabled": true, "description": "Customer-defined tag"}}, {"model": "products.fluorescenemarker", "pk": 1, "fields": {"fluorescene_marker_name": "GFP", "fluorescene_marker_code": "G", "priority": 1, "enabled": true, "description": "TurboGFP, improved green fluorescent protein from Pontellina plumata"}}, {"model": "products.fluorescenemarker", "pk": 2, "fields": {"fluorescene_marker_name": "RFP", "fluorescene_marker_code": "R", "priority": 1, "enabled": true, "description": "TurboRFP, red fluorescent protein from Entacmaea quadricolor"}}, {"model": "products.fluorescenemarker", "pk": 3, "fields": {"fluorescene_marker_name": "BFP", "fluorescene_marker_code": "B", "priority": 1, "enabled": true, "description": "monomeric blue fluorescent protein"}}, {"model": "products.fluorescenemarker", "pk": 4, "fields": {"fluorescene_marker_name": "Luciferase", "fluorescene_marker_code": "L", "priority": 1, "enabled": true, "description": "firefly luciferase"}}, {"model": "products.fluorescenemarker", "pk": 5, "fields": {"fluorescene_marker_name": "None", "fluorescene_marker_code": "0", "priority": 1, "enabled": true, "description": "No Fluorescence Marker"}}, {"model": "products.selectionmarker", "pk": 1, "fields": {"selection_marker_name": "Puro", "selection_marker_code": "P", "priority": 1, "enabled": true, "description": "puromycin N-acetyltransferase"}}, {"model": "products.selectionmarker", "pk": 2, "fields": {"selection_marker_name": "BSD", "selection_marker_code": "B", "priority": 1, "enabled": true, "description": "blasticidin S deaminase"}}, {"model": "products.selectionmarker", "pk": 3, "fields": {"selection_marker_name": "Neo", "selection_marker_code": "N", "priority": 1, "enabled": true, "description": "aminoglycoside phosphotransferase from Tn5"}}, {"model": "products.selectionmarker", "pk": 4, "fields": {"selection_marker_name": "None", "selection_marker_code": "0", "priority": 1, "enabled": true, "description": "No selection Marker"}}, {"model": "products.bacterialmarker", "pk": 1, "fields": {"bacterial_marker_name": "None", "bacterial_marker_code": "0", "priority": 1, "enabled": true, "description": "No Bacterial Marker"}}, {"model": "products.bacterialmarkerspecialcase", "pk": 1, "fields": {"bacterial_marker_name": "Kan", "bacterial_marker_code": "K", "priority": 1, "enabled": true, "structure_type_symbol": "L", "description": null}}, {"model": "products.bacterialmarkerspecialcase", "pk": 2, "fields": {"bacterial_marker_name": "Kan", "bacterial_marker_code": "K", "priority": 1, "enabled": true, "structure_type_symbol": "M", "description": null}}, {"model": "products.bacterialmarkerspecialcase", "pk": 3, "fields": {"bacterial_marker_name": "Kan", "bacterial_marker_code": "K", "priority": 1, "enabled": true, "structure_type_symbol": "H", "description": null}}, {"model": "products.bacterialmarkerspecialcase", "pk": 4, "fields": {"bacterial_marker_name": "AMP", "bacterial_marker_code": "A", "priority": 1, "enabled": true, "structure_type_symbol": "A", "description": "β-lactamase"}}, {"model": "products.bacterialmarkerspecialcase", "pk": 5, "fields": {"bacterial_marker_name": "AMP", "bacterial_marker_code": "A", "priority": 1, "enabled": true, "structure_type_symbol": "B", "description": "β-lactamase"}}, {"model": "products.bacterialmarkerspecialcase", "pk": 6, "fields": {"bacterial_marker_name": "AMP", "bacterial_marker_code": "A", "priority": 1, "enabled": true, "structure_type_symbol": "J", "description": "β-lactamase"}}, {"model": "products.bacterialmarkerspecialcase", "pk": 7, "fields": {"bacterial_marker_name": "CAM", "bacterial_marker_code": "C", "priority": 1, "enabled": true, "structure_type_symbol": "S", "description": null}}, {"model": "products.bacterialmarkerspecialcase", "pk": 8, "fields": {"bacterial_marker_name": "CAM", "bacterial_marker_code": "C", "priority": 1, "enabled": true, "structure_type_symbol": "L", "description": null}}, {"model": "products.bacterialmarkerspecialcase", "pk": 9, "fields": {"bacterial_marker_name": "CAM", "bacterial_marker_code": "C", "priority": 1, "enabled": true, "structure_type_symbol": "M", "description": null}}, {"model": "products.bacterialmarkerspecialcase", "pk": 10, "fields": {"bacterial_marker_name": "AMP", "bacterial_marker_code": "A", "priority": 1, "enabled": true, "structure_type_symbol": "S", "description": null}}, {"model": "products.bacterialmarkerspecialcase", "pk": 11, "fields": {"bacterial_marker_name": "AMP", "bacterial_marker_code": "A", "priority": 1, "enabled": true, "structure_type_symbol": "T", "description": null}}, {"model": "products.productinventory", "pk": 1, "fields": {"units_in_stock": 0, "units_on_order": 0, "loaded": false, "currency": "US Dollar", "manufacturer": "Bioone Technologies"}}, {"model": "products.productcategory", "pk": 1, "fields": {"category_name": "CRISPR-Cas9", "description": "CRISPR is a powerful gene-editing technology that can precisely modify DNA sequences within living organisms.", "priority": 1}}, {"model": "products.productcategory", "pk": 2, "fields": {"category_name": "RNAi", "description": "RNA interference (RNAi) regulates gene expression by silencing specific mRNA molecules, thereby preventing the production of certain proteins.", "priority": 1}}, {"model": "products.productcategory", "pk": 3, "fields": {"category_name": "Mammalian Cloning", "description": "The custom gene is regulated and expressed under a mammalian-type promoter and transcriptional components.", "priority": 1}}, {"model": "products.productcategory", "pk": 4, "fields": {"category_name": "Prokaryotic Cloning", "description": "The custom gene is regulated and expressed under a prokaryotic-type promoter and transcriptional components.", "priority": 1}}, {"model": "products.functiontype", "pk": 1, "fields": {"function_type_symbol": "CA", "function_type_name": "CRISPRa", "abbreviation": "CRISPRa", "description": "CRISPR activation aims to upregulate or activate the expression of specific genes using the CRISPR-dCas9 (D10A/H840A) platform integrated with activating proteins. In the customer design mode, the optimized VPH activating protein (VP64-p65-HSF1) is used as an activation partner, which has been proven to effectively stimulate downstream promoters.", "priority": 1, "load_status": null, "category": "CRISPR-Cas9"}}, {"model": "products.functiontype", "pk": 2, "fields": {"function_type_symbol": "CI", "function_type_name": "CRISPRi", "abbreviation": "CRISPRi", "description": "CRISPR inhibition aims to suppress the expression of specific genes using the CRISPR-dCas9 (D10A/H840A) platform paired with inhibitory proteins. In the customer design mode, the optimized KRAB-MeCP2 inhibitory protein is used as an inhibition partner, which has been proven to effectively suppress downstream promoters.", "priority": 1, "load_status": null, "category": "CRISPR-Cas9"}}, {"model": "products.functiontype", "pk": 3, "fields": {"function_type_symbol": "CO", "function_type_name": "CRISPR KnockOut", "abbreviation": "CRISPR KN", "description": "CRISPR-KO provides methodologies for knocking out target genes using validated CRISPR techniques. In the customer design mode, wild-type SpCas9 is used to precisely cleave double-stranded DNA.", "priority": 1, "load_status": null, "category": "CRISPR-Cas9"}}, {"model": "products.functiontype", "pk": 4, "fields": {"function_type_symbol": "CD", "function_type_name": "CRISPR AAVS1 Donor", "abbreviation": "AAVS1 Dnr", "description": "CRISPR Donor enables the precise insertion of custom DNA fragments into the human-specific safe harbor AAVS1 site by integrating with the CRISPR knock-out kit targeting AAVS1. It is specifically designed for CRISPR AAVS1 knock-in product kits.", "priority": 1, "load_status": null, "category": "CRISPR-Cas9"}}, {"model": "products.functiontype", "pk": 6, "fields": {"function_type_symbol": "SH", "function_type_name": "RNAi", "abbreviation": "RNAi", "description": "RNA interference (RNAi) is a biological process in which RNA molecules suppress gene expression or translation by silencing specific mRNA targets.", "priority": 1, "load_status": null, "category": "RNAi"}}, {"model": "products.functiontype", "pk": 7, "fields": {"function_type_symbol": "EM", "function_type_name": "Overexpression", "abbreviation": "OverExp", "description": "The custom genes will be cloned into mammalian expression vectors, providing a variety of protein tags, fluorescence markers, and selection markers.", "priority": 1, "load_status": null, "category": "Mammalian Cloning"}}, {"model": "products.functiontype", "pk": 8, "fields": {"function_type_symbol": "EP", "function_type_name": "Protein Expression", "abbreviation": "Protein-Exp", "description": "The prokaryotic vector drives the expression of custom genes, used for protein expression and purification.", "priority": 1, "load_status": null, "category": "Prokaryotic Cloning"}}, {"model": "products.functiontype", "pk": 9, "fields": {"function_type_symbol": "IM", "function_type_name": "Inducible Expression", "abbreviation": "Inducible", "description": "The custom genes are controlled by a doxycycline-inducible promoter. The expression of the Tet-on protein is available as either a standard kit or incorporated into a single all-in-one vector.", "priority": 1, "load_status": null, "category": "Mammalian Cloning"}}, {"model": "products.functiontype", "pk": 10, "fields": {"function_type_symbol": "CR", "function_type_name": "CRISPR RNA Knockdown", "abbreviation": "CRISPR KD", "description": "CRISPR-based RNA interference focuses on targeting and regulating RNA expression using the CRISPR-Cas13 system.", "priority": 1, "load_status": "Loaded", "category": "CRISPR-Cas9"}}, {"model": "products.deliverylibrary", "pk": 1, "fields": {"structure_type_symbol": "S", "delivery_format_symbol": "k", "function_type_symbol": "CA"}}, {"model": "products.deliverylibrary", "pk": 2, "fields": {"structure_type_symbol": "S", "delivery_format_symbol": "c", "function_type_symbol": "CA"}}, {"model": "products.deliverylibrary", "pk": 3, "fields": {"structure_type_symbol": "T", "delivery_format_symbol": "k", "function_type_symbol": "CA"}}, {"model": "products.deliverylibrary", "pk": 4, "fields": {"structure_type_symbol": "T", "delivery_format_symbol": "c", "function_type_symbol": "CA"}}, {"model": "products.deliverylibrary", "pk": 5, "fields": {"structure_type_symbol": "L", "delivery_format_symbol": "k", "function_type_symbol": "CA"}}, {"model": "products.deliverylibrary", "pk": 6, "fields": {"structure_type_symbol": "L", "delivery_format_symbol": "l", "function_type_symbol": "CA"}}, {"model": "products.deliverylibrary", "pk": 7, "fields": {"structure_type_symbol": "L", "delivery_format_symbol": "c", "function_type_symbol": "CA"}}, {"model": "products.deliverylibrary", "pk": 8, "fields": {"structure_type_symbol": "M", "delivery_format_symbol": "k", "function_type_symbol": "CA"}}, {"model": "products.deliverylibrary", "pk": 9, "fields": {"structure_type_symbol": "M", "delivery_format_symbol": "l", "function_type_symbol": "CA"}}, {"model": "products.deliverylibrary", "pk": 10, "fields": {"structure_type_symbol": "M", "delivery_format_symbol": "c", "function_type_symbol": "CA"}}, {"model": "products.deliverylibrary", "pk": 11, "fields": {"structure_type_symbol": "S", "delivery_format_symbol": "k", "function_type_symbol": "CI"}}, {"model": "products.deliverylibrary", "pk": 12, "fields": {"structure_type_symbol": "S", "delivery_format_symbol": "c", "function_type_symbol": "CI"}}, {"model": "products.deliverylibrary", "pk": 13, "fields": {"structure_type_symbol": "T", "delivery_format_symbol": "k", "function_type_symbol": "CI"}}, {"model": "products.deliverylibrary", "pk": 14, "fields": {"structure_type_symbol": "T", "delivery_format_symbol": "c", "function_type_symbol": "CI"}}, {"model": "products.deliverylibrary", "pk": 15, "fields": {"structure_type_symbol": "L", "delivery_format_symbol": "k", "function_type_symbol": "CI"}}, {"model": "products.deliverylibrary", "pk": 16, "fields": {"structure_type_symbol": "L", "delivery_format_symbol": "l", "function_type_symbol": "CI"}}, {"model": "products.deliverylibrary", "pk": 17, "fields": {"structure_type_symbol": "L", "delivery_format_symbol": "c", "function_type_symbol": "CI"}}, {"model": "products.deliverylibrary", "pk": 18, "fields": {"structure_type_symbol": "M", "delivery_format_symbol": "k", "function_type_symbol": "CI"}}, {"model": "products.deliverylibrary", "pk": 19, "fields": {"structure_type_symbol": "M", "delivery_format_symbol": "l", "function_type_symbol": "CI"}}, {"model": "products.deliverylibrary", "pk": 20, "fields": {"structure_type_symbol": "M", "delivery_format_symbol": "c", "function_type_symbol": "CI"}}, {"model": "products.deliverylibrary", "pk": 21, "fields": {"structure_type_symbol": "S", "delivery_format_symbol": "k", "function_type_symbol": "CO"}}, {"model": "products.deliverylibrary", "pk": 22, "fields": {"structure_type_symbol": "S", "delivery_format_symbol": "c", "function_type_symbol": "CO"}}, {"model": "products.deliverylibrary", "pk": 23, "fields": {"structure_type_symbol": "T", "delivery_format_symbol": "k", "function_type_symbol": "CO"}}, {"model": "products.deliverylibrary", "pk": 24, "fields": {"structure_type_symbol": "T", "delivery_format_symbol": "c", "function_type_symbol": "CO"}}, {"model": "products.deliverylibrary", "pk": 25, "fields": {"structure_type_symbol": "L", "delivery_format_symbol": "k", "function_type_symbol": "CO"}}, {"model": "products.deliverylibrary", "pk": 26, "fields": {"structure_type_symbol": "L", "delivery_format_symbol": "l", "function_type_symbol": "CO"}}, {"model": "products.deliverylibrary", "pk": 27, "fields": {"structure_type_symbol": "L", "delivery_format_symbol": "c", "function_type_symbol": "CO"}}, {"model": "products.deliverylibrary", "pk": 28, "fields": {"structure_type_symbol": "M", "delivery_format_symbol": "k", "function_type_symbol": "CO"}}, {"model": "products.deliverylibrary", "pk": 29, "fields": {"structure_type_symbol": "M", "delivery_format_symbol": "l", "function_type_symbol": "CO"}}, {"model": "products.deliverylibrary", "pk": 30, "fields": {"structure_type_symbol": "M", "delivery_format_symbol": "c", "function_type_symbol": "CO"}}, {"model": "products.deliverylibrary", "pk": 31, "fields": {"structure_type_symbol": "S", "delivery_format_symbol": "k", "function_type_symbol": "CD"}}, {"model": "products.deliverylibrary", "pk": 32, "fields": {"structure_type_symbol": "S", "delivery_format_symbol": "c", "function_type_symbol": "CD"}}, {"model": "products.deliverylibrary", "pk": 33, "fields": {"structure_type_symbol": "S", "delivery_format_symbol": "k", "function_type_symbol": "CR"}}, {"model": "products.deliverylibrary", "pk": 34, "fields": {"structure_type_symbol": "S", "delivery_format_symbol": "c", "function_type_symbol": "CR"}}, {"model": "products.deliverylibrary", "pk": 35, "fields": {"structure_type_symbol": "T", "delivery_format_symbol": "k", "function_type_symbol": "CR"}}, {"model": "products.deliverylibrary", "pk": 36, "fields": {"structure_type_symbol": "T", "delivery_format_symbol": "c", "function_type_symbol": "CR"}}, {"model": "products.deliverylibrary", "pk": 37, "fields": {"structure_type_symbol": "L", "delivery_format_symbol": "k", "function_type_symbol": "CR"}}, {"model": "products.deliverylibrary", "pk": 38, "fields": {"structure_type_symbol": "L", "delivery_format_symbol": "l", "function_type_symbol": "CR"}}, {"model": "products.deliverylibrary", "pk": 39, "fields": {"structure_type_symbol": "L", "delivery_format_symbol": "c", "function_type_symbol": "CR"}}, {"model": "products.deliverylibrary", "pk": 40, "fields": {"structure_type_symbol": "M", "delivery_format_symbol": "k", "function_type_symbol": "CR"}}, {"model": "products.deliverylibrary", "pk": 41, "fields": {"structure_type_symbol": "M", "delivery_format_symbol": "l", "function_type_symbol": "CR"}}, {"model": "products.deliverylibrary", "pk": 42, "fields": {"structure_type_symbol": "M", "delivery_format_symbol": "c", "function_type_symbol": "CR"}}, {"model": "products.deliverylibrary", "pk": 43, "fields": {"structure_type_symbol": "S", "delivery_format_symbol": "k", "function_type_symbol": "SH"}}, {"model": "products.deliverylibrary", "pk": 44, "fields": {"structure_type_symbol": "S", "delivery_format_symbol": "c", "function_type_symbol": "SH"}}, {"model": "products.deliverylibrary", "pk": 45, "fields": {"structure_type_symbol": "L", "delivery_format_symbol": "k", "function_type_symbol": "SH"}}, {"model": "products.deliverylibrary", "pk": 46, "fields": {"structure_type_symbol": "L", "delivery_format_symbol": "l", "function_type_symbol": "SH"}}, {"model": "products.deliverylibrary", "pk": 47, "fields": {"structure_type_symbol": "L", "delivery_format_symbol": "c", "function_type_symbol": "SH"}}, {"model": "products.deliverylibrary", "pk": 48, "fields": {"structure_type_symbol": "S", "delivery_format_symbol": "k", "function_type_symbol": "EM"}}, {"model": "products.deliverylibrary", "pk": 49, "fields": {"structure_type_symbol": "S", "delivery_format_symbol": "c", "function_type_symbol": "EM"}}, {"model": "products.deliverylibrary", "pk": 50, "fields": {"structure_type_symbol": "L", "delivery_format_symbol": "k", "function_type_symbol": "EM"}}, {"model": "products.deliverylibrary", "pk": 51, "fields": {"structure_type_symbol": "L", "delivery_format_symbol": "l", "function_type_symbol": "EM"}}, {"model": "products.deliverylibrary", "pk": 52, "fields": {"structure_type_symbol": "L", "delivery_format_symbol": "c", "function_type_symbol": "EM"}}, {"model": "products.deliverylibrary", "pk": 53, "fields": {"structure_type_symbol": "S", "delivery_format_symbol": "k", "function_type_symbol": "IM"}}, {"model": "products.deliverylibrary", "pk": 54, "fields": {"structure_type_symbol": "S", "delivery_format_symbol": "c", "function_type_symbol": "IM"}}, {"model": "products.deliverylibrary", "pk": 55, "fields": {"structure_type_symbol": "T", "delivery_format_symbol": "k", "function_type_symbol": "IM"}}, {"model": "products.deliverylibrary", "pk": 56, "fields": {"structure_type_symbol": "T", "delivery_format_symbol": "c", "function_type_symbol": "IM"}}, {"model": "products.deliverylibrary", "pk": 57, "fields": {"structure_type_symbol": "L", "delivery_format_symbol": "k", "function_type_symbol": "IM"}}, {"model": "products.deliverylibrary", "pk": 58, "fields": {"structure_type_symbol": "L", "delivery_format_symbol": "l", "function_type_symbol": "IM"}}, {"model": "products.deliverylibrary", "pk": 59, "fields": {"structure_type_symbol": "L", "delivery_format_symbol": "c", "function_type_symbol": "IM"}}, {"model": "products.deliverylibrary", "pk": 60, "fields": {"structure_type_symbol": "M", "delivery_format_symbol": "k", "function_type_symbol": "IM"}}, {"model": "products.deliverylibrary", "pk": 61, "fields": {"structure_type_symbol": "M", "delivery_format_symbol": "l", "function_type_symbol": "IM"}}, {"model": "products.deliverylibrary", "pk": 62, "fields": {"structure_type_symbol": "M", "delivery_format_symbol": "c", "function_type_symbol": "IM"}}, {"model": "products.deliverylibrary", "pk": 63, "fields": {"structure_type_symbol": "S", "delivery_format_symbol": "k", "function_type_symbol": "EP"}}, {"model": "products.deliverylibrary", "pk": 64, "fields": {"structure_type_symbol": "S", "delivery_format_symbol": "c", "function_type_symbol": "EP"}}, {"model": "products.deliverylibrary", "pk": 65, "fields": {"structure_type_symbol": "L", "delivery_format_symbol": "l", "function_type_symbol": ""}}, {"model": "products.deliverylibrary", "pk": 66, "fields": {"structure_type_symbol": "L", "delivery_format_symbol": "c", "function_type_symbol": ""}}, {"model": "products.deliverylibrary", "pk": 67, "fields": {"structure_type_symbol": "A", "delivery_format_symbol": "d", "function_type_symbol": ""}}, {"model": "products.deliverylibrary", "pk": 68, "fields": {"structure_type_symbol": "A", "delivery_format_symbol": "a", "function_type_symbol": ""}}, {"model": "products.deliverylibrary", "pk": 69, "fields": {"structure_type_symbol": "A", "delivery_format_symbol": "c", "function_type_symbol": ""}}, {"model": "products.deliverylibrary", "pk": 70, "fields": {"structure_type_symbol": "S", "delivery_format_symbol": "d", "function_type_symbol": ""}}, {"model": "products.deliverylibrary", "pk": 71, "fields": {"structure_type_symbol": "S", "delivery_format_symbol": "k", "function_type_symbol": ""}}, {"model": "products.deliverylibrary", "pk": 72, "fields": {"structure_type_symbol": "S", "delivery_format_symbol": "c", "function_type_symbol": ""}}, {"model": "products.deliverylibrary", "pk": 73, "fields": {"structure_type_symbol": "L", "delivery_format_symbol": "d", "function_type_symbol": ""}}, {"model": "products.deliverylibrary", "pk": 74, "fields": {"structure_type_symbol": "L", "delivery_format_symbol": "k", "function_type_symbol": ""}}, {"model": "products.deliverylibrary", "pk": 75, "fields": {"structure_type_symbol": "L", "delivery_format_symbol": "l", "function_type_symbol": ""}}, {"model": "products.deliverylibrary", "pk": 76, "fields": {"structure_type_symbol": "L", "delivery_format_symbol": "c", "function_type_symbol": ""}}, {"model": "products.deliverylibrary", "pk": 77, "fields": {"structure_type_symbol": "M", "delivery_format_symbol": "d", "function_type_symbol": ""}}, {"model": "products.deliverylibrary", "pk": 78, "fields": {"structure_type_symbol": "M", "delivery_format_symbol": "k", "function_type_symbol": ""}}, {"model": "products.deliverylibrary", "pk": 79, "fields": {"structure_type_symbol": "M", "delivery_format_symbol": "l", "function_type_symbol": ""}}, {"model": "products.deliverylibrary", "pk": 80, "fields": {"structure_type_symbol": "M", "delivery_format_symbol": "c", "function_type_symbol": ""}}, {"model": "products.deliverylibrary", "pk": 81, "fields": {"structure_type_symbol": "A", "delivery_format_symbol": "d", "function_type_symbol": ""}}, {"model": "products.deliverylibrary", "pk": 82, "fields": {"structure_type_symbol": "A", "delivery_format_symbol": "k", "function_type_symbol": ""}}, {"model": "products.deliverylibrary", "pk": 83, "fields": {"structure_type_symbol": "A", "delivery_format_symbol": "a", "function_type_symbol": ""}}, {"model": "products.deliverylibrary", "pk": 84, "fields": {"structure_type_symbol": "A", "delivery_format_symbol": "c", "function_type_symbol": ""}}, {"model": "products.deliverylibrary", "pk": 85, "fields": {"structure_type_symbol": "B", "delivery_format_symbol": "d", "function_type_symbol": ""}}, {"model": "products.deliverylibrary", "pk": 86, "fields": {"structure_type_symbol": "B", "delivery_format_symbol": "k", "function_type_symbol": ""}}, {"model": "products.deliverylibrary", "pk": 87, "fields": {"structure_type_symbol": "B", "delivery_format_symbol": "a", "function_type_symbol": ""}}, {"model": "products.deliverylibrary", "pk": 88, "fields": {"structure_type_symbol": "B", "delivery_format_symbol": "c", "function_type_symbol": ""}}, {"model": "products.deliverylibrary", "pk": 89, "fields": {"structure_type_symbol": "S", "delivery_format_symbol": "d", "function_type_symbol": ""}}, {"model": "products.deliverylibrary", "pk": 90, "fields": {"structure_type_symbol": "S", "delivery_format_symbol": "k", "function_type_symbol": ""}}, {"model": "products.deliverylibrary", "pk": 91, "fields": {"structure_type_symbol": "S", "delivery_format_symbol": "c", "function_type_symbol": ""}}, {"model": "products.deliverylibrary", "pk": 92, "fields": {"structure_type_symbol": "L", "delivery_format_symbol": "d", "function_type_symbol": ""}}, {"model": "products.deliverylibrary", "pk": 93, "fields": {"structure_type_symbol": "L", "delivery_format_symbol": "k", "function_type_symbol": ""}}, {"model": "products.deliverylibrary", "pk": 94, "fields": {"structure_type_symbol": "L", "delivery_format_symbol": "l", "function_type_symbol": ""}}, {"model": "products.deliverylibrary", "pk": 95, "fields": {"structure_type_symbol": "A", "delivery_format_symbol": "d", "function_type_symbol": ""}}, {"model": "products.deliverylibrary", "pk": 96, "fields": {"structure_type_symbol": "A", "delivery_format_symbol": "k", "function_type_symbol": ""}}, {"model": "products.deliverylibrary", "pk": 97, "fields": {"structure_type_symbol": "A", "delivery_format_symbol": "a", "function_type_symbol": ""}}, {"model": "products.deliverylibrary", "pk": 98, "fields": {"structure_type_symbol": "S", "delivery_format_symbol": "d", "function_type_symbol": ""}}, {"model": "products.deliverylibrary", "pk": 99, "fields": {"structure_type_symbol": "S", "delivery_format_symbol": "c", "function_type_symbol": ""}}, {"model": "products.deliverylibrary", "pk": 100, "fields": {"structure_type_symbol": "L", "delivery_format_symbol": "d", "function_type_symbol": ""}}, {"model": "products.deliverylibrary", "pk": 101, "fields": {"structure_type_symbol": "L", "delivery_format_symbol": "l", "function_type_symbol": ""}}, {"model": "products.deliverylibrary", "pk": 102, "fields": {"structure_type_symbol": "L", "delivery_format_symbol": "c", "function_type_symbol": ""}}, {"model": "products.deliverylibrary", "pk": 103, "fields": {"structure_type_symbol": "D", "delivery_format_symbol": "d", "function_type_symbol": ""}}, {"model": "products.deliverylibrary", "pk": 104, "fields": {"structure_type_symbol": "D", "delivery_format_symbol": "p", "function_type_symbol": ""}}, {"model": "products.deliverylibrary", "pk": 105, "fields": {"structure_type_symbol": "A", "delivery_format_symbol": "d", "function_type_symbol": ""}}, {"model": "products.deliverylibrary", "pk": 106, "fields": {"structure_type_symbol": "A", "delivery_format_symbol": "a", "function_type_symbol": ""}}, {"model": "products.deliverylibrary", "pk": 107, "fields": {"structure_type_symbol": "A", "delivery_format_symbol": "c", "function_type_symbol": ""}}, {"model": "products.deliverylibrary", "pk": 108, "fields": {"structure_type_symbol": "S", "delivery_format_symbol": "d", "function_type_symbol": ""}}, {"model": "products.deliverylibrary", "pk": 109, "fields": {"structure_type_symbol": "S", "delivery_format_symbol": "c", "function_type_symbol": ""}}, {"model": "products.deliverylibrary", "pk": 110, "fields": {"structure_type_symbol": "L", "delivery_format_symbol": "d", "function_type_symbol": ""}}, {"model": "products.deliverylibrary", "pk": 111, "fields": {"structure_type_symbol": "L", "delivery_format_symbol": "l", "function_type_symbol": ""}}, {"model": "products.deliverylibrary", "pk": 112, "fields": {"structure_type_symbol": "L", "delivery_format_symbol": "c", "function_type_symbol": ""}}, {"model": "products.deliverylibrary", "pk": 113, "fields": {"structure_type_symbol": "A", "delivery_format_symbol": "d", "function_type_symbol": ""}}, {"model": "products.deliverylibrary", "pk": 114, "fields": {"structure_type_symbol": "A", "delivery_format_symbol": "a", "function_type_symbol": ""}}, {"model": "products.deliverylibrary", "pk": 115, "fields": {"structure_type_symbol": "A", "delivery_format_symbol": "c", "function_type_symbol": ""}}, {"model": "products.deliverylibrary", "pk": 116, "fields": {"structure_type_symbol": "S", "delivery_format_symbol": "d", "function_type_symbol": ""}}, {"model": "products.deliverylibrary", "pk": 117, "fields": {"structure_type_symbol": "S", "delivery_format_symbol": "c", "function_type_symbol": ""}}, {"model": "products.deliverylibrary", "pk": 118, "fields": {"structure_type_symbol": "L", "delivery_format_symbol": "d", "function_type_symbol": ""}}, {"model": "products.deliverylibrary", "pk": 119, "fields": {"structure_type_symbol": "L", "delivery_format_symbol": "l", "function_type_symbol": ""}}, {"model": "products.deliverylibrary", "pk": 120, "fields": {"structure_type_symbol": "L", "delivery_format_symbol": "c", "function_type_symbol": ""}}, {"model": "products.deliverylibrary", "pk": 121, "fields": {"structure_type_symbol": "A", "delivery_format_symbol": "d", "function_type_symbol": ""}}, {"model": "products.deliverylibrary", "pk": 122, "fields": {"structure_type_symbol": "A", "delivery_format_symbol": "a", "function_type_symbol": ""}}, {"model": "products.deliverylibrary", "pk": 123, "fields": {"structure_type_symbol": "A", "delivery_format_symbol": "c", "function_type_symbol": ""}}, {"model": "products.structuretype", "pk": 1, "fields": {"structure_type_symbol": "S", "structure_type_name": "Standard", "abbreviation": "Std", "description": "It is a non-viral structure. If multiple components are included, they are separated into different vectors. For example, Cas9 or its variants are placed in separate vectors from the gRNA, and the expression of Tet protein is separated from Tet-induced responsive elements.", "priority": 1}}, {"model": "products.structuretype", "pk": 5, "fields": {"structure_type_symbol": "M", "structure_type_name": "Lenti-AIO", "abbreviation": "Lenti-AIO", "description": "It is a viral construct that integrates multiple components into a single vector. In CRISPR applications, the Cas9 and gRNA vectors are combined into a single plasmid. Similarly, in an inducible vector, the expression of the Tet protein and its inducible cassette are incorporated into one plasmid.", "priority": 4}}, {"model": "products.structuretype", "pk": 7, "fields": {"structure_type_symbol": "L", "structure_type_name": "Lenti", "abbreviation": "Lenti", "description": "It is a viral structure. If multiple components are included, they are separated into different vectors. For example, Cas9 or its variants are placed in separate vectors from the gRNA, and the expression of Tet protein is separated from Tet-induced responsive elements.", "priority": 3}}, {"model": "products.structuretype", "pk": 10, "fields": {"structure_type_symbol": "T", "structure_type_name": "All-in-One", "abbreviation": "AIO", "description": "It is a non-viral construct that integrates multiple components into a single vector. In CRISPR applications, the Cas9 and gRNA vectors are combined into a single plasmid. Similarly, in an inducible vector, the expression of the Tet protein and its inducible cassette are incorporated into one plasmid.", "priority": 2}}, {"model": "products.deliveryformat", "pk": 1, "fields": {"delivery_format_symbol": "c", "delivery_format_name": "Stable Cell Line", "description": "The constructed stable cell line is provided as frozen cells in quantities specified by the customer.", "priority": 3}}, {"model": "products.deliveryformat", "pk": 3, "fields": {"delivery_format_symbol": "l", "delivery_format_name": "Lenti virus", "description": "The product is provided as lentivirus at titers specified by the customer, with three available options: 1×10⁷, 1×10⁸, and 1×10⁹ TU/mL. For CRISPR/RNAi targeting a specific gene, three DNA constructs are combined to create the lentiviral mixture, with a separate scramble tube included as a control. If ordering only a CRISPR/RNAi control, overexpression or inducible expression, the corresponding tube is included in the package.", "priority": 2}}, {"model": "products.deliveryformat", "pk": 5, "fields": {"delivery_format_symbol": "k", "delivery_format_name": "Vector Kit", "description": "The products are provided as a kit containing all the essential components for convenient use in your experiments. For CRISPR/RNAi targeting a specific gene, three distinct gRNAs/shRNAs are designed to target the specified genes or RNAs, with a scramble tube included as a control. If ordering only a CRISPR/RNAi control, non-insert vector, overexpression or inducible expression, the corresponding tube is included in the kit.", "priority": 1}}, {"model": "products.designlibrary", "pk": 1, "fields": {"function_type_code": "Others", "structure_type_code": "S or L", "delivery_format_code": "k", "target_sequence": "Non-Insert; Control", "shelf_status": false, "kit_amount": "5ug DNA", "unit": "Kit", "discount_code": "", "on_discount": true, "list_price": "399.00", "unit_price": "199.00"}}, {"model": "products.designlibrary", "pk": 2, "fields": {"function_type_code": "Others", "structure_type_code": "S or L", "delivery_format_code": "k", "target_sequence": "Gene", "shelf_status": false, "kit_amount": "5ug each/3 tubes", "unit": "Kit", "discount_code": "", "on_discount": true, "list_price": "799.00", "unit_price": "399.00"}}, {"model": "products.designlibrary", "pk": 3, "fields": {"function_type_code": "Others", "structure_type_code": "M or T", "delivery_format_code": "k", "target_sequence": "Non-Insert; Control", "shelf_status": false, "kit_amount": "5ug DNA", "unit": "Kit", "discount_code": "", "on_discount": true, "list_price": "499.00", "unit_price": "249.00"}}, {"model": "products.designlibrary", "pk": 4, "fields": {"function_type_code": "Others", "structure_type_code": "M or T", "delivery_format_code": "k", "target_sequence": "Gene", "shelf_status": false, "kit_amount": "5ug each/3 tubes", "unit": "Kit", "discount_code": "", "on_discount": true, "list_price": "999.00", "unit_price": "499.00"}}, {"model": "products.designlibrary", "pk": 5, "fields": {"function_type_code": "Others", "structure_type_code": "S or L", "delivery_format_code": "k", "target_sequence": "Non-Insert; Control", "shelf_status": true, "kit_amount": "5ug DNA", "unit": "Kit", "discount_code": "", "on_discount": true, "list_price": "249.00", "unit_price": "124.00"}}, {"model": "products.designlibrary", "pk": 6, "fields": {"function_type_code": "Others", "structure_type_code": "S or L", "delivery_format_code": "k", "target_sequence": "Gene", "shelf_status": true, "kit_amount": "5ug each/3 tubes", "unit": "Kit", "discount_code": "", "on_discount": true, "list_price": "599.00", "unit_price": "299.00"}}, {"model": "products.designlibrary", "pk": 7, "fields": {"function_type_code": "Others", "structure_type_code": "M or T", "delivery_format_code": "k", "target_sequence": "Non-Insert; Control", "shelf_status": true, "kit_amount": "5ug DNA", "unit": "Kit", "discount_code": "", "on_discount": true, "list_price": "249.00", "unit_price": "124.00"}}, {"model": "products.designlibrary", "pk": 8, "fields": {"function_type_code": "Others", "structure_type_code": "M or T", "delivery_format_code": "k", "target_sequence": "Gene", "shelf_status": true, "kit_amount": "5ug each/3 tubes", "unit": "Kit", "discount_code": "", "on_discount": true, "list_price": "599.00", "unit_price": "299.00"}}, {"model": "products.designlibrary", "pk": 9, "fields": {"function_type_code": "Others", "structure_type_code": "L", "delivery_format_code": "l", "target_sequence": "Control", "shelf_status": false, "kit_amount": "1X10^7 IU/ml", "unit": "Kit", "discount_code": "", "on_discount": true, "list_price": "199.00", "unit_price": "199.00"}}, {"model": "products.designlibrary", "pk": 10, "fields": {"function_type_code": "Others", "structure_type_code": "L", "delivery_format_code": "l", "target_sequence": "Gene", "shelf_status": false, "kit_amount": "1X10^7 IU/ml", "unit": "Kit", "discount_code": "", "on_discount": true, "list_price": "249.00", "unit_price": "249.00"}}, {"model": "products.designlibrary", "pk": 11, "fields": {"function_type_code": "Others", "structure_type_code": "M", "delivery_format_code": "l", "target_sequence": "Control", "shelf_status": false, "kit_amount": "1X10^7 IU/ml", "unit": "Kit", "discount_code": "", "on_discount": true, "list_price": "199.00", "unit_price": "199.00"}}, {"model": "products.designlibrary", "pk": 12, "fields": {"function_type_code": "Others", "structure_type_code": "M", "delivery_format_code": "l", "target_sequence": "Gene", "shelf_status": false, "kit_amount": "1X10^7 IU/ml", "unit": "Kit", "discount_code": "", "on_discount": true, "list_price": "249.00", "unit_price": "249.00"}}, {"model": "products.designlibrary", "pk": 13, "fields": {"function_type_code": "Others", "structure_type_code": "L", "delivery_format_code": "l", "target_sequence": "Control", "shelf_status": false, "kit_amount": "1X10^8 IU/ml", "unit": "Kit", "discount_code": "", "on_discount": true, "list_price": "399.00", "unit_price": "399.00"}}, {"model": "products.designlibrary", "pk": 14, "fields": {"function_type_code": "Others", "structure_type_code": "L", "delivery_format_code": "l", "target_sequence": "Gene", "shelf_status": false, "kit_amount": "1X10^8 IU/ml", "unit": "Kit", "discount_code": "", "on_discount": true, "list_price": "549.00", "unit_price": "549.00"}}, {"model": "products.designlibrary", "pk": 15, "fields": {"function_type_code": "Others", "structure_type_code": "M", "delivery_format_code": "l", "target_sequence": "Control", "shelf_status": false, "kit_amount": "1X10^8 IU/ml", "unit": "Kit", "discount_code": "", "on_discount": true, "list_price": "399.00", "unit_price": "399.00"}}, {"model": "products.designlibrary", "pk": 16, "fields": {"function_type_code": "Others", "structure_type_code": "M", "delivery_format_code": "l", "target_sequence": "Gene", "shelf_status": false, "kit_amount": "1X10^8 IU/ml", "unit": "Kit", "discount_code": "", "on_discount": true, "list_price": "549.00", "unit_price": "549.00"}}, {"model": "products.designlibrary", "pk": 17, "fields": {"function_type_code": "Others", "structure_type_code": "L", "delivery_format_code": "l", "target_sequence": "Control", "shelf_status": false, "kit_amount": "1X10^9 IU/ml", "unit": "Kit", "discount_code": "", "on_discount": true, "list_price": "699.00", "unit_price": "699.00"}}, {"model": "products.designlibrary", "pk": 18, "fields": {"function_type_code": "Others", "structure_type_code": "L", "delivery_format_code": "l", "target_sequence": "Gene", "shelf_status": false, "kit_amount": "1X10^9 IU/ml", "unit": "Kit", "discount_code": "", "on_discount": true, "list_price": "749.00", "unit_price": "749.00"}}, {"model": "products.designlibrary", "pk": 19, "fields": {"function_type_code": "Others", "structure_type_code": "M", "delivery_format_code": "l", "target_sequence": "Control", "shelf_status": false, "kit_amount": "1X10^9 IU/ml", "unit": "Kit", "discount_code": "", "on_discount": true, "list_price": "699.00", "unit_price": "699.00"}}, {"model": "products.designlibrary", "pk": 20, "fields": {"function_type_code": "Others", "structure_type_code": "M", "delivery_format_code": "l", "target_sequence": "Gene", "shelf_status": false, "kit_amount": "1X10^9 IU/ml", "unit": "Kit", "discount_code": "", "on_discount": true, "list_price": "749.00", "unit_price": "749.00"}}, {"model": "products.designlibrary", "pk": 21, "fields": {"function_type_code": "Others", "structure_type_code": "L", "delivery_format_code": "l", "target_sequence": "Control", "shelf_status": true, "kit_amount": "1X10^7 IU/ml", "unit": "Kit", "discount_code": "", "on_discount": true, "list_price": "180.00", "unit_price": "180.00"}}, {"model": "products.designlibrary", "pk": 22, "fields": {"function_type_code": "Others", "structure_type_code": "L", "delivery_format_code": "l", "target_sequence": "Gene", "shelf_status": true, "kit_amount": "1X10^7 IU/ml", "unit": "Kit", "discount_code": "", "on_discount": true, "list_price": "280.00", "unit_price": "280.00"}}, {"model": "products.designlibrary", "pk": 23, "fields": {"function_type_code": "Others", "structure_type_code": "M", "delivery_format_code": "l", "target_sequence": "Control", "shelf_status": true, "kit_amount": "1X10^7 IU/ml", "unit": "Kit", "discount_code": "", "on_discount": true, "list_price": "180.00", "unit_price": "180.00"}}, {"model": "products.designlibrary", "pk": 24, "fields": {"function_type_code": "Others", "structure_type_code": "M", "delivery_format_code": "l", "target_sequence": "Gene", "shelf_status": true, "kit_amount": "1X10^7 IU/ml", "unit": "Kit", "discount_code": "", "on_discount": true, "list_price": "280.00", "unit_price": "280.00"}}, {"model": "products.designlibrary", "pk": 25, "fields": {"function_type_code": "Others", "structure_type_code": "L", "delivery_format_code": "l", "target_sequence": "Control", "shelf_status": true, "kit_amount": "1X10^8 IU/ml", "unit": "Kit", "discount_code": "", "on_discount": true, "list_price": "180.00", "unit_price": "180.00"}}, {"model": "products.designlibrary", "pk": 26, "fields": {"function_type_code": "Others", "structure_type_code": "L", "delivery_format_code": "l", "target_sequence": "Gene", "shelf_status": true, "kit_amount": "1X10^8 IU/ml", "unit": "Kit", "discount_code": "", "on_discount": true, "list_price": "280.00", "unit_price": "280.00"}}, {"model": "products.designlibrary", "pk": 27, "fields": {"function_type_code": "Others", "structure_type_code": "M", "delivery_format_code": "l", "target_sequence": "Control", "shelf_status": true, "kit_amount": "1X10^8 IU/ml", "unit": "Kit", "discount_code": "", "on_discount": true, "list_price": "180.00", "unit_price": "180.00"}}, {"model": "products.designlibrary", "pk": 28, "fields": {"function_type_code": "Others", "structure_type_code": "M", "delivery_format_code": "l", "target_sequence": "Gene", "shelf_status": true, "kit_amount": "1X10^8 IU/ml", "unit": "Kit", "discount_code": "", "on_discount": true, "list_price": "280.00", "unit_price": "280.00"}}, {"model": "products.designlibrary", "pk": 29, "fields": {"function_type_code": "Others", "structure_type_code": "L", "delivery_format_code": "l", "target_sequence": "Control", "shelf_status": true, "kit_amount": "1X10^9 IU/ml", "unit": "Kit", "discount_code": "", "on_discount": true, "list_price": "180.00", "unit_price": "180.00"}}, {"model": "products.designlibrary", "pk": 30, "fields": {"function_type_code": "Others", "structure_type_code": "L", "delivery_format_code": "l", "target_sequence": "Gene", "shelf_status": true, "kit_amount": "1X10^9 IU/ml", "unit": "Kit", "discount_code": "", "on_discount": true, "list_price": "280.00", "unit_price": "280.00"}}, {"model": "products.designlibrary", "pk": 31, "fields": {"function_type_code": "Others", "structure_type_code": "M", "delivery_format_code": "l", "target_sequence": "Control", "shelf_status": true, "kit_amount": "1X10^9 IU/ml", "unit": "Kit", "discount_code": "", "on_discount": true, "list_price": "180.00", "unit_price": "180.00"}}, {"model": "products.designlibrary", "pk": 32, "fields": {"function_type_code": "Others", "structure_type_code": "M", "delivery_format_code": "l", "target_sequence": "Gene", "shelf_status": true, "kit_amount": "1X10^9 IU/ml", "unit": "Kit", "discount_code": "", "on_discount": true, "list_price": "280.00", "unit_price": "280.00"}}, {"model": "products.designlibrary", "pk": 33, "fields": {"function_type_code": "Others", "structure_type_code": "S or L", "delivery_format_code": "c", "target_sequence": "Gene", "shelf_status": false, "kit_amount": "1X10^6 Cells", "unit": "Kit", "discount_code": "", "on_discount": true, "list_price": "4520.00", "unit_price": "4520.00"}}, {"model": "products.designlibrary", "pk": 34, "fields": {"function_type_code": "Others", "structure_type_code": "M or T", "delivery_format_code": "c", "target_sequence": "Gene", "shelf_status": false, "kit_amount": "1X10^6 Cells", "unit": "Kit", "discount_code": "", "on_discount": true, "list_price": "5570.00", "unit_price": "5570.00"}}, {"model": "products.designlibrary", "pk": 35, "fields": {"function_type_code": "Others", "structure_type_code": "S or L", "delivery_format_code": "c", "target_sequence": "Gene", "shelf_status": true, "kit_amount": "1X10^6 Cells", "unit": "Kit", "discount_code": "", "on_discount": true, "list_price": "545.00", "unit_price": "545.00"}}, {"model": "products.designlibrary", "pk": 36, "fields": {"function_type_code": "Others", "structure_type_code": "M or T", "delivery_format_code": "c", "target_sequence": "Gene", "shelf_status": true, "kit_amount": "1X10^6 Cells", "unit": "Kit", "discount_code": "", "on_discount": true, "list_price": "545.00", "unit_price": "545.00"}}, {"model": "products.designlibrary", "pk": 37, "fields": {"function_type_code": "CD", "structure_type_code": "S", "delivery_format_code": "k", "target_sequence": "Control", "shelf_status": false, "kit_amount": "5ug DNA", "unit": "Kit", "discount_code": "", "on_discount": true, "list_price": "266.00", "unit_price": "132.00"}}, {"model": "products.designlibrary", "pk": 38, "fields": {"function_type_code": "CD", "structure_type_code": "S", "delivery_format_code": "k", "target_sequence": "Gene", "shelf_status": false, "kit_amount": "5ug each/3 tubes plus control", "unit": "Kit", "discount_code": "", "on_discount": true, "list_price": "533.00", "unit_price": "265.00"}}, {"model": "products.designlibrary", "pk": 39, "fields": {"function_type_code": "CD", "structure_type_code": "S", "delivery_format_code": "k", "target_sequence": "Control", "shelf_status": true, "kit_amount": "5ug DNA", "unit": "Kit", "discount_code": "", "on_discount": true, "list_price": "166.00", "unit_price": "82.00"}}, {"model": "products.designlibrary", "pk": 40, "fields": {"function_type_code": "CD", "structure_type_code": "S", "delivery_format_code": "k", "target_sequence": "Gene", "shelf_status": true, "kit_amount": "5ug each/3 tubes plus control", "unit": "Kit", "discount_code": "", "on_discount": true, "list_price": "399.00", "unit_price": "199.00"}}, {"model": "products.designlibrary", "pk": 41, "fields": {"function_type_code": "CD", "structure_type_code": "L", "delivery_format_code": "l", "target_sequence": "Unable", "shelf_status": false, "kit_amount": "1X10^7 IU/ml", "unit": "Kit", "discount_code": "", "on_discount": true, "list_price": null, "unit_price": null}}, {"model": "products.designlibrary", "pk": 42, "fields": {"function_type_code": "CD", "structure_type_code": "L", "delivery_format_code": "l", "target_sequence": "Unable", "shelf_status": false, "kit_amount": "1X10^7 IU/ml", "unit": "Kit", "discount_code": "", "on_discount": true, "list_price": null, "unit_price": null}}, {"model": "products.designlibrary", "pk": 43, "fields": {"function_type_code": "CD", "structure_type_code": "T", "delivery_format_code": "l", "target_sequence": "Unable", "shelf_status": false, "kit_amount": "1X10^7 IU/ml", "unit": "Kit", "discount_code": "", "on_discount": true, "list_price": null, "unit_price": null}}, {"model": "products.designlibrary", "pk": 44, "fields": {"function_type_code": "CD", "structure_type_code": "T", "delivery_format_code": "l", "target_sequence": "Unable", "shelf_status": false, "kit_amount": "1X10^7 IU/ml", "unit": "Kit", "discount_code": "", "on_discount": true, "list_price": null, "unit_price": null}}, {"model": "products.designlibrary", "pk": 45, "fields": {"function_type_code": "CD", "structure_type_code": "L", "delivery_format_code": "l", "target_sequence": "Unable", "shelf_status": false, "kit_amount": "1X10^8 IU/ml", "unit": "Kit", "discount_code": "", "on_discount": true, "list_price": null, "unit_price": null}}, {"model": "products.designlibrary", "pk": 46, "fields": {"function_type_code": "CD", "structure_type_code": "L", "delivery_format_code": "l", "target_sequence": "Unable", "shelf_status": false, "kit_amount": "1X10^8 IU/ml", "unit": "Kit", "discount_code": "", "on_discount": true, "list_price": null, "unit_price": null}}, {"model": "products.designlibrary", "pk": 47, "fields": {"function_type_code": "CD", "structure_type_code": "T", "delivery_format_code": "l", "target_sequence": "Unable", "shelf_status": false, "kit_amount": "1X10^8 IU/ml", "unit": "Kit", "discount_code": "", "on_discount": true, "list_price": null, "unit_price": null}}, {"model": "products.designlibrary", "pk": 48, "fields": {"function_type_code": "CD", "structure_type_code": "T", "delivery_format_code": "l", "target_sequence": "Unable", "shelf_status": false, "kit_amount": "1X10^8 IU/ml", "unit": "Kit", "discount_code": "", "on_discount": true, "list_price": null, "unit_price": null}}, {"model": "products.designlibrary", "pk": 49, "fields": {"function_type_code": "CD", "structure_type_code": "L", "delivery_format_code": "l", "target_sequence": "Unable", "shelf_status": false, "kit_amount": "1X10^9 IU/ml", "unit": "Kit", "discount_code": "", "on_discount": true, "list_price": null, "unit_price": null}}, {"model": "products.designlibrary", "pk": 50, "fields": {"function_type_code": "CD", "structure_type_code": "L", "delivery_format_code": "l", "target_sequence": "Unable", "shelf_status": false, "kit_amount": "1X10^9 IU/ml", "unit": "Kit", "discount_code": "", "on_discount": true, "list_price": null, "unit_price": null}}, {"model": "products.designlibrary", "pk": 51, "fields": {"function_type_code": "CD", "structure_type_code": "T", "delivery_format_code": "l", "target_sequence": "Unable", "shelf_status": false, "kit_amount": "1X10^9 IU/ml", "unit": "Kit", "discount_code": "", "on_discount": true, "list_price": null, "unit_price": null}}, {"model": "products.designlibrary", "pk": 52, "fields": {"function_type_code": "CD", "structure_type_code": "T", "delivery_format_code": "l", "target_sequence": "Unable", "shelf_status": false, "kit_amount": "1X10^9 IU/ml", "unit": "Kit", "discount_code": "", "on_discount": true, "list_price": null, "unit_price": null}}, {"model": "products.designlibrary", "pk": 53, "fields": {"function_type_code": "CD", "structure_type_code": "L", "delivery_format_code": "l", "target_sequence": "Unable", "shelf_status": true, "kit_amount": "1X10^7 IU/ml", "unit": "Kit", "discount_code": "", "on_discount": true, "list_price": null, "unit_price": null}}, {"model": "products.designlibrary", "pk": 54, "fields": {"function_type_code": "CD", "structure_type_code": "L", "delivery_format_code": "l", "target_sequence": "Unable", "shelf_status": true, "kit_amount": "1X10^7 IU/ml", "unit": "Kit", "discount_code": "", "on_discount": true, "list_price": null, "unit_price": null}}, {"model": "products.designlibrary", "pk": 55, "fields": {"function_type_code": "CD", "structure_type_code": "T", "delivery_format_code": "l", "target_sequence": "Unable", "shelf_status": true, "kit_amount": "1X10^7 IU/ml", "unit": "Kit", "discount_code": "", "on_discount": true, "list_price": null, "unit_price": null}}, {"model": "products.designlibrary", "pk": 56, "fields": {"function_type_code": "CD", "structure_type_code": "T", "delivery_format_code": "l", "target_sequence": "Unable", "shelf_status": true, "kit_amount": "1X10^7 IU/ml", "unit": "Kit", "discount_code": "", "on_discount": true, "list_price": null, "unit_price": null}}, {"model": "products.designlibrary", "pk": 57, "fields": {"function_type_code": "CD", "structure_type_code": "L", "delivery_format_code": "l", "target_sequence": "Unable", "shelf_status": true, "kit_amount": "1X10^8 IU/ml", "unit": "Kit", "discount_code": "", "on_discount": true, "list_price": null, "unit_price": null}}, {"model": "products.designlibrary", "pk": 58, "fields": {"function_type_code": "CD", "structure_type_code": "L", "delivery_format_code": "l", "target_sequence": "Unable", "shelf_status": true, "kit_amount": "1X10^8 IU/ml", "unit": "Kit", "discount_code": "", "on_discount": true, "list_price": null, "unit_price": null}}, {"model": "products.designlibrary", "pk": 59, "fields": {"function_type_code": "CD", "structure_type_code": "T", "delivery_format_code": "l", "target_sequence": "Unable", "shelf_status": true, "kit_amount": "1X10^8 IU/ml", "unit": "Kit", "discount_code": "", "on_discount": true, "list_price": null, "unit_price": null}}, {"model": "products.designlibrary", "pk": 60, "fields": {"function_type_code": "CD", "structure_type_code": "T", "delivery_format_code": "l", "target_sequence": "Unable", "shelf_status": true, "kit_amount": "1X10^8 IU/ml", "unit": "Kit", "discount_code": "", "on_discount": true, "list_price": null, "unit_price": null}}, {"model": "products.designlibrary", "pk": 61, "fields": {"function_type_code": "CD", "structure_type_code": "L", "delivery_format_code": "l", "target_sequence": "Unable", "shelf_status": true, "kit_amount": "1X10^9 IU/ml", "unit": "Kit", "discount_code": "", "on_discount": true, "list_price": null, "unit_price": null}}, {"model": "products.designlibrary", "pk": 62, "fields": {"function_type_code": "CD", "structure_type_code": "L", "delivery_format_code": "l", "target_sequence": "Unable", "shelf_status": true, "kit_amount": "1X10^9 IU/ml", "unit": "Kit", "discount_code": "", "on_discount": true, "list_price": null, "unit_price": null}}, {"model": "products.designlibrary", "pk": 63, "fields": {"function_type_code": "CD", "structure_type_code": "T", "delivery_format_code": "l", "target_sequence": "Unable", "shelf_status": true, "kit_amount": "1X10^9 IU/ml", "unit": "Kit", "discount_code": "", "on_discount": true, "list_price": null, "unit_price": null}}, {"model": "products.designlibrary", "pk": 64, "fields": {"function_type_code": "CD", "structure_type_code": "T", "delivery_format_code": "l", "target_sequence": "Unable", "shelf_status": true, "kit_amount": "1X10^9 IU/ml", "unit": "Kit", "discount_code": "", "on_discount": true, "list_price": null, "unit_price": null}}, {"model": "products.designlibrary", "pk": 65, "fields": {"function_type_code": "CD", "structure_type_code": "S or L", "delivery_format_code": "c", "target_sequence": "Gene", "shelf_status": false, "kit_amount": "1X10^6 Cells", "unit": "Kit", "discount_code": "", "on_discount": true, "list_price": null, "unit_price": null}}, {"model": "products.designlibrary", "pk": 66, "fields": {"function_type_code": "CD", "structure_type_code": "M or T", "delivery_format_code": "c", "target_sequence": "Gene", "shelf_status": false, "kit_amount": "1X10^6 Cells", "unit": "Kit", "discount_code": "", "on_discount": true, "list_price": null, "unit_price": null}}, {"model": "products.designlibrary", "pk": 67, "fields": {"function_type_code": "CD", "structure_type_code": "S or L", "delivery_format_code": "c", "target_sequence": "Gene", "shelf_status": true, "kit_amount": "1X10^6 Cells", "unit": "Kit", "discount_code": "", "on_discount": true, "list_price": null, "unit_price": null}}, {"model": "products.designlibrary", "pk": 68, "fields": {"function_type_code": "CD", "structure_type_code": "M or T", "delivery_format_code": "c", "target_sequence": "Gene", "shelf_status": true, "kit_amount": "1X10^6 Cells", "unit": "Kit", "discount_code": "", "on_discount": true, "list_price": null, "unit_price": null}}, {"model": "products.productsunion", "pk": 1, "fields": {"product_id": "Product Name", "created_at": "2025-02-22T21:06:47.488Z"}}, {"model": "products.productsunion", "pk": 2, "fields": {"product_id": "LipoD293™ In Vitro DNA Transfection Reagent", "created_at": "2025-02-22T21:16:27.692Z"}}, {"model": "products.productsunion", "pk": 3, "fields": {"product_id": "SL100668", "created_at": "2025-02-22T21:18:42.454Z"}}, {"model": "products.productsunion", "pk": 4, "fields": {"product_id": "f", "created_at": "2025-02-23T01:11:58.214Z"}}, {"model": "products.productsunion", "pk": 5, "fields": {"product_id": "f", "created_at": "2025-02-23T01:14:00.195Z"}}, {"model": "products.productsunion", "pk": 46, "fields": {"product_id": "CASP001-CV00PC-000000d", "created_at": "2025-02-24T16:35:17.787Z"}}, {"model": "products.productsunion", "pk": 47, "fields": {"product_id": "CASP002-CV00PC-xxxxxxd", "created_at": "2025-02-24T16:35:17.790Z"}}, {"model": "products.productsunion", "pk": 48, "fields": {"product_id": "CASP003-EF00PC-000000d", "created_at": "2025-02-24T16:35:17.793Z"}}, {"model": "products.productsunion", "pk": 49, "fields": {"product_id": "CASP004-EF00PC-xxxxxxd", "created_at": "2025-02-24T16:35:17.796Z"}}, {"model": "products.productsunion", "pk": 50, "fields": {"product_id": "CISP005-CV00PC-000000d", "created_at": "2025-02-24T16:35:17.799Z"}}, {"model": "products.productsunion", "pk": 51, "fields": {"product_id": "CISP006-CV00PC-xxxxxxd", "created_at": "2025-02-24T16:35:17.803Z"}}, {"model": "products.productsunion", "pk": 52, "fields": {"product_id": "CISP007-EF00PC-000000d", "created_at": "2025-02-24T16:35:17.806Z"}}, {"model": "products.productsunion", "pk": 53, "fields": {"product_id": "CISP008-EF00PC-xxxxxxd", "created_at": "2025-02-24T16:35:17.809Z"}}, {"model": "products.productsunion", "pk": 54, "fields": {"product_id": "CKLP009-CV00PK-000000d", "created_at": "2025-02-24T16:35:17.813Z"}}, {"model": "products.productsunion", "pk": 55, "fields": {"product_id": "CKLP010-CV00PK-xxxxxxd", "created_at": "2025-02-24T16:35:17.816Z"}}, {"model": "products.productsunion", "pk": 56, "fields": {"product_id": "CKLP011-EF00PK-000000d", "created_at": "2025-02-24T16:35:17.821Z"}}, {"model": "products.productsunion", "pk": 57, "fields": {"product_id": "CKLP012-EF00PK-xxxxxxd", "created_at": "2025-02-24T16:35:17.825Z"}}, {"model": "products.productsunion", "pk": 58, "fields": {"product_id": "CAS0001-CV00PC-100001k", "created_at": "2025-02-24T16:35:17.829Z"}}, {"model": "products.productsunion", "pk": 59, "fields": {"product_id": "CAS0001-CV00PC-100001c", "created_at": "2025-02-24T16:35:17.833Z"}}, {"model": "products.productsunion", "pk": 60, "fields": {"product_id": "CAS0002-CV00PC-100002k", "created_at": "2025-02-24T16:35:17.837Z"}}, {"model": "products.productsunion", "pk": 61, "fields": {"product_id": "CAS0002-CV00PC-100002c", "created_at": "2025-02-24T16:35:17.840Z"}}, {"model": "products.productsunion", "pk": 62, "fields": {"product_id": "CAS0003-EF00PC-100001k", "created_at": "2025-02-24T16:35:17.844Z"}}, {"model": "products.productsunion", "pk": 63, "fields": {"product_id": "CAS0003-EF00PC-100001c", "created_at": "2025-02-24T16:35:17.848Z"}}, {"model": "products.productsunion", "pk": 64, "fields": {"product_id": "CAS0004-EF00PC-100002k", "created_at": "2025-02-24T16:35:17.852Z"}}, {"model": "products.productsunion", "pk": 65, "fields": {"product_id": "CAS0004-EF00PC-100002c", "created_at": "2025-02-24T16:35:17.856Z"}}, {"model": "products.productsunion", "pk": 66, "fields": {"product_id": "SL100688", "created_at": "2025-03-04T02:13:19.351Z"}}, {"model": "products.productsunion", "pk": 67, "fields": {"product_id": "SL100468", "created_at": "2025-03-08T20:04:58.649Z"}}, {"model": "products.productsunion", "pk": 68, "fields": {"product_id": "G3320", "created_at": "2025-03-08T20:19:22.055Z"}}, {"model": "products.productsunion", "pk": 69, "fields": {"product_id": "G3323", "created_at": "2025-03-08T20:27:21.540Z"}}, {"model": "products.productsunion", "pk": 70, "fields": {"product_id": "G3362", "created_at": "2025-03-08T20:29:34.769Z"}}, {"model": "products.productsunion", "pk": 71, "fields": {"product_id": "G3363", "created_at": "2025-03-08T20:30:48.350Z"}}, {"model": "products.productsunion", "pk": 72, "fields": {"product_id": "G3364", "created_at": "2025-03-08T20:31:51.443Z"}}, {"model": "products.productsunion", "pk": 73, "fields": {"product_id": "G2083", "created_at": "2025-03-08T20:32:51.014Z"}}, {"model": "products.productsunion", "pk": 74, "fields": {"product_id": "G2086", "created_at": "2025-03-08T20:33:45.221Z"}}, {"model": "products.productsunion", "pk": 113, "fields": {"product_id": "CAT-FXD00A-xxxxxxk", "created_at": "2025-03-10T16:55:39.002Z"}}, {"model": "products.productsunion", "pk": 114, "fields": {"product_id": "CAM-FXD0PC-xxxxxxk", "created_at": "2025-03-10T16:55:39.008Z"}}, {"model": "products.productsunion", "pk": 115, "fields": {"product_id": "CIT-FXD0PA-xxxxxxk", "created_at": "2025-03-10T16:55:39.014Z"}}, {"model": "products.productsunion", "pk": 116, "fields": {"product_id": "CIL-FXD0BC-xxxxxxk", "created_at": "2025-03-10T16:55:39.018Z"}}, {"model": "products.productsunion", "pk": 117, "fields": {"product_id": "CIM-FXD0BC-xxxxxxk", "created_at": "2025-03-10T16:55:39.023Z"}}, {"model": "products.productsunion", "pk": 118, "fields": {"product_id": "COM-FXD0PC-xxxxxxk", "created_at": "2025-03-10T16:55:39.027Z"}}, {"model": "products.productsunion", "pk": 119, "fields": {"product_id": "CRT-FXD0PA-xxxxxxk", "created_at": "2025-03-10T16:55:39.032Z"}}, {"model": "products.productsunion", "pk": 120, "fields": {"product_id": "CRM-FXD0PC-xxxxxxk", "created_at": "2025-03-10T16:55:39.036Z"}}, {"model": "products.productsunion", "pk": 121, "fields": {"product_id": "SHL-UX00PC-xxxxxxk", "created_at": "2025-03-10T16:55:39.041Z"}}, {"model": "products.productsunion", "pk": 122, "fields": {"product_id": "EMS-PXDGNA-xxxxxxk", "created_at": "2025-03-10T16:55:39.045Z"}}, {"model": "products.productsunion", "pk": 123, "fields": {"product_id": "EML-PXD00C-xxxxxxk", "created_at": "2025-03-10T16:55:39.051Z"}}, {"model": "products.productsunion", "pk": 124, "fields": {"product_id": "IMT-DX0GNA-xxxxxxk", "created_at": "2025-03-10T16:55:39.055Z"}}, {"model": "products.productsunion", "pk": 125, "fields": {"product_id": "IMM-DXD0PC-xxxxxxk", "created_at": "2025-03-10T16:55:39.060Z"}}, {"model": "products.productsunion", "pk": 126, "fields": {"product_id": "EMS-PXDGNA-000000k", "created_at": "2025-03-10T16:55:39.066Z"}}, {"model": "products.productsunion", "pk": 127, "fields": {"product_id": "IMT-DX0GNA-000000k", "created_at": "2025-03-10T16:55:39.071Z"}}, {"model": "products.productsunion", "pk": 128, "fields": {"product_id": "EML-PXDG0C-000000k", "created_at": "2025-03-10T16:55:39.075Z"}}, {"model": "products.productsunion", "pk": 129, "fields": {"product_id": "IMM-DXDGPC-000000k", "created_at": "2025-03-10T16:55:39.081Z"}}, {"model": "products.productsunion", "pk": 130, "fields": {"product_id": "EML-PXD0PC-LARGETk", "created_at": "2025-03-10T16:55:39.085Z"}}, {"model": "products.productsunion", "pk": 131, "fields": {"product_id": "EML-PXD0BC-LARGETk", "created_at": "2025-03-10T16:55:39.090Z"}}, {"model": "products.productsunion", "pk": 147, "fields": {"product_id": "EML-PXDG0C-000000l", "created_at": "2025-03-12T02:58:06.469Z"}}, {"model": "products.productsunion", "pk": 148, "fields": {"product_id": "IMM-DXDGPC-000000l", "created_at": "2025-03-12T02:58:06.474Z"}}, {"model": "products.productsunion", "pk": 149, "fields": {"product_id": "EML-PXD0PC-LARGETl", "created_at": "2025-03-12T02:58:06.480Z"}}, {"model": "products.productsunion", "pk": 150, "fields": {"product_id": "EML-PXD0BC-LARGETl", "created_at": "2025-03-12T02:58:06.484Z"}}, {"model": "products.productsunion", "pk": 151, "fields": {"product_id": "EML-PXD0PC-LARGETc", "created_at": "2025-03-12T02:58:06.489Z"}}, {"model": "products.productsunion", "pk": 152, "fields": {"product_id": "BAL100668", "created_at": "2025-03-12T14:17:02.858Z"}}, {"model": "products.productsunion", "pk": 153, "fields": {"product_id": "BAL100688", "created_at": "2025-03-12T14:18:29.116Z"}}, {"model": "products.productsunion", "pk": 154, "fields": {"product_id": "BAL100468", "created_at": "2025-03-12T14:19:37.812Z"}}, {"model": "products.productsunion", "pk": 155, "fields": {"product_id": "BAS3320", "created_at": "2025-03-12T14:21:09.801Z"}}, {"model": "products.productsunion", "pk": 156, "fields": {"product_id": "BAS3323", "created_at": "2025-03-12T14:22:09.697Z"}}, {"model": "products.productsunion", "pk": 157, "fields": {"product_id": "BADM3362", "created_at": "2025-03-12T14:24:29.136Z"}}, {"model": "products.productsunion", "pk": 158, "fields": {"product_id": "BADM3363", "created_at": "2025-03-12T14:25:17.739Z"}}, {"model": "products.productsunion", "pk": 159, "fields": {"product_id": "BADM3364", "created_at": "2025-03-12T14:26:02.829Z"}}, {"model": "products.productsunion", "pk": 160, "fields": {"product_id": "BAPM2083", "created_at": "2025-03-12T14:26:43.493Z"}}, {"model": "products.productsunion", "pk": 161, "fields": {"product_id": "BAPM2086", "created_at": "2025-03-12T14:27:34.216Z"}}, {"model": "products.productsunion", "pk": 162, "fields": {"product_id": "BSY3320", "created_at": "2025-03-14T16:16:12.569Z"}}, {"model": "products.productsunion", "pk": 163, "fields": {"product_id": "BSY3323", "created_at": "2025-03-14T16:16:21.411Z"}}, {"model": "products.productsunion", "pk": 164, "fields": {"product_id": "EMS-CXDGNA-XXXXXXk", "created_at": "2025-03-14T16:26:14.571Z"}}, {"model": "products.productsunion", "pk": 165, "fields": {"product_id": "EML-CXD0PC-LARGETc", "created_at": "2025-03-14T16:26:43.825Z"}}, {"model": "products.productsunion", "pk": 166, "fields": {"product_id": "EML-CXD0BC-LARGETl", "created_at": "2025-03-14T16:26:52.134Z"}}, {"model": "products.productsunion", "pk": 167, "fields": {"product_id": "EML-CXD0PC-LARGETl", "created_at": "2025-03-14T16:27:02.763Z"}}, {"model": "products.productsunion", "pk": 168, "fields": {"product_id": "EML-CXDG0C-000000l", "created_at": "2025-03-14T16:27:10.994Z"}}, {"model": "products.productsunion", "pk": 169, "fields": {"product_id": "EML-CXD0BC-LARGETk", "created_at": "2025-03-14T16:27:38.847Z"}}, {"model": "products.productsunion", "pk": 170, "fields": {"product_id": "EML-CXD0PC-LARGETk", "created_at": "2025-03-14T16:27:45.397Z"}}, {"model": "products.productsunion", "pk": 171, "fields": {"product_id": "EML-CXDG0C-000000k", "created_at": "2025-03-14T16:27:50.850Z"}}, {"model": "products.productsunion", "pk": 172, "fields": {"product_id": "EMS-CXDGNA-000000k", "created_at": "2025-03-14T16:27:56.511Z"}}, {"model": "products.productsunion", "pk": 173, "fields": {"product_id": "EML-CXD00C-XXXXXXk", "created_at": "2025-03-14T16:28:02.401Z"}}, {"model": "products.product", "pk": 1, "fields": {"product_sku": "CAT-FXD00A-XXXXXXk", "product_name": "CRISPRa AIO Kit", "description": "", "list_price": "249.00", "unit_price": "124.00", "unit_size": "5ug", "discount_code": "", "ready_status": "Yes", "target_sequence": "XXXXXX", "units_in_stock": 20, "units": "Kits", "ship_condition": "Room Temp", "on_discount": true, "union": 113, "function_type_code": "CA", "structure_type_code": "T", "promoter_code": "F", "property_code": "X", "protein_tag_code": "D", "fluorescene_marker_code": "0", "selection_marker_code": "0", "bacterial_marker_code": "A", "delivery_format_code": "k"}}, {"model": "products.product", "pk": 2, "fields": {"product_sku": "CAM-FXD0PC-XXXXXXk", "product_name": "CRISPRa Lenti-AIO Kit", "description": "", "list_price": "249.00", "unit_price": "124.00", "unit_size": "5ug", "discount_code": "", "ready_status": "Yes", "target_sequence": "XXXXXX", "units_in_stock": 20, "units": "Kits", "ship_condition": "Room Temp", "on_discount": true, "union": 114, "function_type_code": "CA", "structure_type_code": "M", "promoter_code": "F", "property_code": "X", "protein_tag_code": "D", "fluorescene_marker_code": "0", "selection_marker_code": "P", "bacterial_marker_code": "C", "delivery_format_code": "k"}}, {"model": "products.product", "pk": 3, "fields": {"product_sku": "CIT-FXD0PA-XXXXXXk", "product_name": "CRISPRi AIO Kit", "description": "", "list_price": "249.00", "unit_price": "124.00", "unit_size": "5ug", "discount_code": "", "ready_status": "Yes", "target_sequence": "XXXXXX", "units_in_stock": 20, "units": "Kits", "ship_condition": "Room Temp", "on_discount": true, "union": 115, "function_type_code": "CI", "structure_type_code": "T", "promoter_code": "F", "property_code": "X", "protein_tag_code": "D", "fluorescene_marker_code": "0", "selection_marker_code": "P", "bacterial_marker_code": "A", "delivery_format_code": "k"}}, {"model": "products.product", "pk": 4, "fields": {"product_sku": "CIL-FXD0BC-XXXXXXk", "product_name": "CRISPRi Lenti Kit", "description": "", "list_price": "249.00", "unit_price": "124.00", "unit_size": "5ug", "discount_code": "", "ready_status": "Yes", "target_sequence": "XXXXXX", "units_in_stock": 20, "units": "Kits", "ship_condition": "Room Temp", "on_discount": true, "union": 116, "function_type_code": "CI", "structure_type_code": "L", "promoter_code": "F", "property_code": "X", "protein_tag_code": "D", "fluorescene_marker_code": "0", "selection_marker_code": "B", "bacterial_marker_code": "C", "delivery_format_code": "k"}}, {"model": "products.product", "pk": 5, "fields": {"product_sku": "CIM-FXD0BC-XXXXXXk", "product_name": "CRISPRi Lenti-AIO Kit", "description": "", "list_price": "249.00", "unit_price": "124.00", "unit_size": "5ug", "discount_code": "", "ready_status": "Yes", "target_sequence": "XXXXXX", "units_in_stock": 20, "units": "Kits", "ship_condition": "Room Temp", "on_discount": true, "union": 117, "function_type_code": "CI", "structure_type_code": "M", "promoter_code": "F", "property_code": "X", "protein_tag_code": "D", "fluorescene_marker_code": "0", "selection_marker_code": "B", "bacterial_marker_code": "C", "delivery_format_code": "k"}}, {"model": "products.product", "pk": 6, "fields": {"product_sku": "COM-FXD0PC-XXXXXXk", "product_name": "CRISPR KN Lenti-AIO Kit", "description": null, "list_price": "249.00", "unit_price": "124.00", "unit_size": "5ug", "discount_code": null, "ready_status": "Yes", "target_sequence": "XXXXXX", "units_in_stock": 20, "units": "Kits", "ship_condition": "Room Temp", "on_discount": true, "union": 118, "function_type_code": "CO", "structure_type_code": "M", "promoter_code": "F", "property_code": "X", "protein_tag_code": "D", "fluorescene_marker_code": "0", "selection_marker_code": "P", "bacterial_marker_code": "C", "delivery_format_code": "k"}}, {"model": "products.product", "pk": 7, "fields": {"product_sku": "CRT-FXD0PA-XXXXXXk", "product_name": "CRISPR KD AIO Kit", "description": "", "list_price": "249.00", "unit_price": "124.00", "unit_size": "5ug", "discount_code": "", "ready_status": "Yes", "target_sequence": "XXXXXX", "units_in_stock": 20, "units": "Kits", "ship_condition": "Room Temp", "on_discount": true, "union": 119, "function_type_code": "CR", "structure_type_code": "T", "promoter_code": "F", "property_code": "X", "protein_tag_code": "D", "fluorescene_marker_code": "0", "selection_marker_code": "P", "bacterial_marker_code": "A", "delivery_format_code": "k"}}, {"model": "products.product", "pk": 8, "fields": {"product_sku": "CRM-FXD0PC-XXXXXXk", "product_name": "CRISPR KD Lenti-AIO Kit", "description": "", "list_price": "249.00", "unit_price": "124.00", "unit_size": "5ug", "discount_code": "", "ready_status": "Yes", "target_sequence": "XXXXXX", "units_in_stock": 20, "units": "Kits", "ship_condition": "Room Temp", "on_discount": true, "union": 120, "function_type_code": "CR", "structure_type_code": "M", "promoter_code": "F", "property_code": "X", "protein_tag_code": "D", "fluorescene_marker_code": "0", "selection_marker_code": "P", "bacterial_marker_code": "C", "delivery_format_code": "k"}}, {"model": "products.product", "pk": 9, "fields": {"product_sku": "SHL-UX00PC-XXXXXXk", "product_name": "RNAi Lenti Kit", "description": "", "list_price": "249.00", "unit_price": "124.00", "unit_size": "5ug", "discount_code": "", "ready_status": "Yes", "target_sequence": "XXXXXX", "units_in_stock": 20, "units": "Kits", "ship_condition": "Room Temp", "on_discount": true, "union": 121, "function_type_code": "SH", "structure_type_code": "L", "promoter_code": "U", "property_code": "X", "protein_tag_code": "0", "fluorescene_marker_code": "0", "selection_marker_code": "P", "bacterial_marker_code": "C", "delivery_format_code": "k"}}, {"model": "products.product", "pk": 10, "fields": {"product_sku": "EMS-CXDGNA-XXXXXXk", "product_name": "OverExp Std Kit", "description": null, "list_price": "249.00", "unit_price": "124.00", "unit_size": "5ug", "discount_code": null, "ready_status": "Yes", "target_sequence": "XXXXXX", "units_in_stock": 20, "units": "Kits", "ship_condition": "Room Temp", "on_discount": true, "union": 164, "function_type_code": "EM", "structure_type_code": "S", "promoter_code": "C", "property_code": "X", "protein_tag_code": "D", "fluorescene_marker_code": "G", "selection_marker_code": "0", "bacterial_marker_code": "A", "delivery_format_code": "k"}}, {"model": "products.product", "pk": 11, "fields": {"product_sku": "EML-CXD00C-XXXXXXk", "product_name": "OverExp Lenti Kit", "description": null, "list_price": "249.00", "unit_price": "124.00", "unit_size": "5ug", "discount_code": null, "ready_status": "Yes", "target_sequence": "XXXXXX", "units_in_stock": 20, "units": "Kits", "ship_condition": "Room Temp", "on_discount": true, "union": 173, "function_type_code": "EM", "structure_type_code": "L", "promoter_code": "C", "property_code": "X", "protein_tag_code": "D", "fluorescene_marker_code": "0", "selection_marker_code": "0", "bacterial_marker_code": "C", "delivery_format_code": "k"}}, {"model": "products.product", "pk": 12, "fields": {"product_sku": "IMT-DX0GNA-XXXXXXk", "product_name": "Inducible AIO Kit", "description": "", "list_price": "249.00", "unit_price": "124.00", "unit_size": "5ug", "discount_code": "", "ready_status": "Yes", "target_sequence": "XXXXXX", "units_in_stock": 20, "units": "Kits", "ship_condition": "Room Temp", "on_discount": true, "union": 124, "function_type_code": "IM", "structure_type_code": "T", "promoter_code": "D", "property_code": "X", "protein_tag_code": "0", "fluorescene_marker_code": "G", "selection_marker_code": "N", "bacterial_marker_code": "A", "delivery_format_code": "k"}}, {"model": "products.product", "pk": 13, "fields": {"product_sku": "IMM-DXD0PC-XXXXXXk", "product_name": "Inducible Lenti-AIO Kit", "description": "", "list_price": "249.00", "unit_price": "124.00", "unit_size": "5ug", "discount_code": "", "ready_status": "Yes", "target_sequence": "XXXXXX", "units_in_stock": 20, "units": "Kits", "ship_condition": "Room Temp", "on_discount": true, "union": 125, "function_type_code": "IM", "structure_type_code": "M", "promoter_code": "D", "property_code": "X", "protein_tag_code": "D", "fluorescene_marker_code": "0", "selection_marker_code": "P", "bacterial_marker_code": "C", "delivery_format_code": "k"}}, {"model": "products.product", "pk": 14, "fields": {"product_sku": "EMS-CXDGNA-000000k", "product_name": "OverExp Std Ctrl Kit, vector type", "description": null, "list_price": "249.00", "unit_price": "124.00", "unit_size": "5ug", "discount_code": null, "ready_status": "Yes", "target_sequence": "000000", "units_in_stock": 20, "units": "Kits", "ship_condition": "Room Temp", "on_discount": true, "union": 172, "function_type_code": "EM", "structure_type_code": "S", "promoter_code": "C", "property_code": "X", "protein_tag_code": "D", "fluorescene_marker_code": "G", "selection_marker_code": "0", "bacterial_marker_code": "A", "delivery_format_code": "k"}}, {"model": "products.product", "pk": 15, "fields": {"product_sku": "IMT-DX0GNA-000000k", "product_name": "Inducible AIO Ctrl Kit, vector type", "description": "", "list_price": "249.00", "unit_price": "124.00", "unit_size": "5ug", "discount_code": "", "ready_status": "Yes", "target_sequence": "000000", "units_in_stock": 20, "units": "Kits", "ship_condition": "Room Temp", "on_discount": true, "union": 127, "function_type_code": "IM", "structure_type_code": "T", "promoter_code": "D", "property_code": "X", "protein_tag_code": "0", "fluorescene_marker_code": "G", "selection_marker_code": "N", "bacterial_marker_code": "A", "delivery_format_code": "k"}}, {"model": "products.product", "pk": 16, "fields": {"product_sku": "EML-CXDG0C-000000k", "product_name": "OverExp Lenti Ctrl Kit, vector type", "description": null, "list_price": "249.00", "unit_price": "124.00", "unit_size": "5ug", "discount_code": null, "ready_status": "Yes", "target_sequence": "000000", "units_in_stock": 20, "units": "Kits", "ship_condition": "Room Temp", "on_discount": true, "union": 171, "function_type_code": "EM", "structure_type_code": "L", "promoter_code": "C", "property_code": "X", "protein_tag_code": "D", "fluorescene_marker_code": "G", "selection_marker_code": "0", "bacterial_marker_code": "A", "delivery_format_code": "k"}}, {"model": "products.product", "pk": 17, "fields": {"product_sku": "IMM-DXDGPC-000000k", "product_name": "Inducible Lenti-AIO Ctrl Kit, vector type", "description": "", "list_price": "249.00", "unit_price": "124.00", "unit_size": "5ug", "discount_code": "", "ready_status": "Yes", "target_sequence": "000000", "units_in_stock": 20, "units": "Kits", "ship_condition": "Room Temp", "on_discount": true, "union": 129, "function_type_code": "IM", "structure_type_code": "M", "promoter_code": "D", "property_code": "X", "protein_tag_code": "0", "fluorescene_marker_code": "G", "selection_marker_code": "N", "bacterial_marker_code": "A", "delivery_format_code": "k"}}, {"model": "products.product", "pk": 18, "fields": {"product_sku": "EML-CXD0PC-LARGETk", "product_name": "OverExp Lenti Kit--Gene LargeT, vector type", "description": null, "list_price": "599.00", "unit_price": "299.00", "unit_size": "5ug", "discount_code": null, "ready_status": "Yes", "target_sequence": "LARGET", "units_in_stock": 20, "units": "Kits", "ship_condition": "Room Temp", "on_discount": true, "union": 170, "function_type_code": "EM", "structure_type_code": "L", "promoter_code": "C", "property_code": "X", "protein_tag_code": "D", "fluorescene_marker_code": "0", "selection_marker_code": "P", "bacterial_marker_code": "C", "delivery_format_code": "k"}}, {"model": "products.product", "pk": 19, "fields": {"product_sku": "EML-CXD0BC-LARGETk", "product_name": "OverExp Lenti Kit--Gene LargeT, vector type", "description": null, "list_price": "599.00", "unit_price": "299.00", "unit_size": "5ug", "discount_code": null, "ready_status": "Yes", "target_sequence": "LARGET", "units_in_stock": 20, "units": "Kits", "ship_condition": "Room Temp", "on_discount": true, "union": 169, "function_type_code": "EM", "structure_type_code": "L", "promoter_code": "C", "property_code": "X", "protein_tag_code": "D", "fluorescene_marker_code": "0", "selection_marker_code": "B", "bacterial_marker_code": "C", "delivery_format_code": "k"}}, {"model": "products.product", "pk": 20, "fields": {"product_sku": "EML-CXDG0C-000000l", "product_name": "OverExp Lenti Ctrl Kit, lentivirus type", "description": null, "list_price": "180.00", "unit_price": "180.00", "unit_size": "1 x 10^7 IU/ml", "discount_code": null, "ready_status": "Yes", "target_sequence": "000000", "units_in_stock": 20, "units": "Kits", "ship_condition": "Ship with Dry ice", "on_discount": true, "union": 168, "function_type_code": "EM", "structure_type_code": "L", "promoter_code": "C", "property_code": "X", "protein_tag_code": "D", "fluorescene_marker_code": "G", "selection_marker_code": "0", "bacterial_marker_code": "C", "delivery_format_code": "l"}}, {"model": "products.product", "pk": 21, "fields": {"product_sku": "IMM-DXDGPC-000000l", "product_name": "Inducible Lenti-AIO Ctrl Kit, lentivirus type", "description": null, "list_price": "180.00", "unit_price": "180.00", "unit_size": "1 x 10^7 IU/ml", "discount_code": null, "ready_status": "Yes", "target_sequence": "000000", "units_in_stock": 20, "units": "Kits", "ship_condition": "Ship with Dry ice", "on_discount": true, "union": 148, "function_type_code": "IM", "structure_type_code": "M", "promoter_code": "P", "property_code": "X", "protein_tag_code": "D", "fluorescene_marker_code": "G", "selection_marker_code": "P", "bacterial_marker_code": "C", "delivery_format_code": "l"}}, {"model": "products.product", "pk": 22, "fields": {"product_sku": "EML-CXD0PC-LARGETl", "product_name": "OverExp Lenti Kit--Gene LargeT, lentivirus type", "description": null, "list_price": "280.00", "unit_price": "280.00", "unit_size": "1 x 10^7 IU/ml", "discount_code": null, "ready_status": "Yes", "target_sequence": "LARGET", "units_in_stock": 20, "units": "Kits", "ship_condition": "Ship with Dry ice", "on_discount": true, "union": 167, "function_type_code": "EM", "structure_type_code": "L", "promoter_code": "C", "property_code": "X", "protein_tag_code": "D", "fluorescene_marker_code": "0", "selection_marker_code": "P", "bacterial_marker_code": "C", "delivery_format_code": "l"}}, {"model": "products.product", "pk": 23, "fields": {"product_sku": "EML-CXD0BC-LARGETl", "product_name": "OverExp Lenti Kit--Gene LargeT, lentivirus type", "description": null, "list_price": "280.00", "unit_price": "280.00", "unit_size": "1 x 10^7 IU/ml", "discount_code": null, "ready_status": "Yes", "target_sequence": "LARGET", "units_in_stock": 20, "units": "Kits", "ship_condition": "Ship with Dry ice", "on_discount": true, "union": 166, "function_type_code": "EM", "structure_type_code": "L", "promoter_code": "C", "property_code": "X", "protein_tag_code": "D", "fluorescene_marker_code": "0", "selection_marker_code": "B", "bacterial_marker_code": "C", "delivery_format_code": "l"}}, {"model": "products.product", "pk": 24, "fields": {"product_sku": "EML-CXD0PC-LARGETc", "product_name": "OverExp Lenti Kit--Gene LargeT, cell type", "description": null, "list_price": "545.00", "unit_price": "545.00", "unit_size": "1 x 10^6 mL", "discount_code": null, "ready_status": "Yes", "target_sequence": "LARGET", "units_in_stock": 10, "units": "Tubes", "ship_condition": "Dry ice", "on_discount": true, "union": 165, "function_type_code": "EM", "structure_type_code": "L", "promoter_code": "C", "property_code": "X", "protein_tag_code": "D", "fluorescene_marker_code": "0", "selection_marker_code": "P", "bacterial_marker_code": "C", "delivery_format_code": "c"}}, {"model": "products.featuredproduct", "pk": 1, "fields": {"catalog_number": "BAL100668", "product_name": "BAJet® In Vitro DNA Transfection Reagent", "description": "<p>BAJet&reg; (Ver. II) is a second-generation liposome-based transfection reagent developed using proprietary lipid conjugation technology. It offers exceptionally high transfection efficiency for HEK293 and other mammalian cells with reduced cytotoxicity. The reagent is particularly effective for gene delivery, knockout, and co-transfection applications, making it a top choice for hard-to-transfect cells and high-titer virus production.</p>", "key_features": "<p>&bull; &nbsp; &nbsp; &nbsp; &nbsp;High transfection efficiency for HEK293 and various mammalian cells<br>&bull; &nbsp; &nbsp; &nbsp; &nbsp;Optimized for virus production and recombinant protein expression<br>&bull; &nbsp; &nbsp; &nbsp; &nbsp;Effective for long DNA sequences (up to 180 kb) and suspension 293 cells<br>&bull; &nbsp; &nbsp; &nbsp; &nbsp;Works efficiently in the presence of serum and antibiotics<br>&bull; &nbsp; &nbsp; &nbsp; &nbsp;Cost-effective alternative to leading transfection reagents</p>", "performance_data": "<p>BAJet&reg; (Ver. II) has demonstrated superior transfection efficiency compared to Lipofectamine 2000, Fugene HD, 293fectin, and other leading reagents in multiple cell lines, including HepG2, CHO, and primary smooth muscle cells. It also significantly enhances lentivirus production, achieving higher viral titers than competing products.</p>", "storage_info": "<p>Stable for 12 months or longer when stored at 4&deg;C.</p>", "ship_info": "Ship with wet ice", "shelf_status": true, "on_display": true, "on_discount": true, "priority": 1, "units_in_stock": 20, "units": "pcs", "union": 152}}, {"model": "products.featuredproduct", "pk": 4, "fields": {"catalog_number": "BAL100688", "product_name": "BAPoly® In Vitro DNA Transfection Reagent", "description": "<p>BAPoly&reg; In Vitro DNA Transfection Reagent is a biodegradable polymer-based reagent designed for efficient and reproducible transfection of a broad range of mammalian cells, including hard-to-transfect cell lines. It offers high transfection efficiency, minimal cytotoxicity, and rapid polymer degradation after endocytosis. The reagent is effective for both single and multiple DNA transfections, supporting high recombinant protein and virus production.</p>", "key_features": "<p>&bull; &nbsp; &nbsp; &nbsp; &nbsp;Biodegradable after endocytosis<br>&bull; &nbsp; &nbsp; &nbsp; &nbsp;Compatible with long DNA sequences (&gt;89 kb)<br>&bull; &nbsp; &nbsp; &nbsp; &nbsp;Affordable and easy to use<br>&bull; &nbsp; &nbsp; &nbsp; &nbsp;High transfection efficiency across various mammalian cell types<br>&bull; &nbsp; &nbsp; &nbsp; &nbsp;Stable for 12+ months when stored at 4&deg;C</p>", "performance_data": "<p>Comparative studies demonstrate superior or comparable performance of BAPoly&reg; against leading transfection reagents (e.g., Lipofectamine 2000, Fugene HD), particularly in HEK293, CHO, HepG2, and MDCK cells. The product (1.0 mL) supports ~667 transfections in 24-well plates or ~333 in 6-well plates.</p>", "storage_info": "<p>Stable for 12 months or longer when stored at 4&deg;C.</p>", "ship_info": "Ship with wet ice", "shelf_status": true, "on_display": true, "on_discount": true, "priority": 1, "units_in_stock": 20, "units": "pcs", "union": 153}}, {"model": "products.featuredproduct", "pk": 5, "fields": {"catalog_number": "BAL100468", "product_name": "BioArkLipo® In Vitro Transfection Kit (Ver. II)", "description": "<p><span data-sheets-root=\"1\">The BioArkLipo&reg; In Vitro Transfection Kit (Ver. II) is a lipid-based gene delivery tool designed for efficient and low-toxicity transfection of plasmid DNA and siRNA into mammalian cells. Developed with a proprietary fluorinated cationic lipid formulation, it offers superior transfection efficiency compared to competing products, while reducing cytotoxicity.</span></p>", "key_features": "<p>&bull; &nbsp; &nbsp; &nbsp; &nbsp;Versatile: Supports DNA transfection, siRNA transfection, and DNA/siRNA co-transfection.<br>&bull; &nbsp; &nbsp; &nbsp; &nbsp;Highly Efficient: Optimized for adherent cells with outstanding transfection rates.<br>&bull; &nbsp; &nbsp; &nbsp; &nbsp;Low Cytotoxicity: Ensures improved cell viability post-transfection.<br>&bull; &nbsp; &nbsp; &nbsp; &nbsp;Cost-Effective: More transfections per unit with minimal reagent use.<br>&bull; &nbsp; &nbsp; &nbsp; &nbsp;User-Friendly: Single-tube reaction, serum/antibiotic compatibility, and high-throughput application suitability.</p>", "performance_data": "<p>&bull; &nbsp; &nbsp; &nbsp; &nbsp;Higher transfection efficiency than leading competitors like Lipofectamine 2000 (L2K) and BAPoly&reg;.<br>&bull; &nbsp; &nbsp; &nbsp; &nbsp;Lower cytotoxicity, leading to better cell viability post-transfection.<br>&bull; &nbsp; &nbsp; &nbsp; &nbsp;Excellent gene silencing efficiency for siRNA transfection and co-transfection applications.</p>", "storage_info": "<p>&bull; &nbsp; &nbsp; &nbsp; &nbsp;BioArkLipo&reg; Reagent: Store at 4&deg;C.<br>&bull; &nbsp; &nbsp; &nbsp; &nbsp;BioArkLipo&reg; Buffer: Store at room temperature.<br>&bull; &nbsp; &nbsp; &nbsp; &nbsp;Shelf life: 12 months or longer under proper storage conditions.</p>", "ship_info": "Ship with wet ice", "shelf_status": true, "on_display": true, "on_discount": true, "priority": 1, "units_in_stock": 20, "units": "pcs", "union": 154}}, {"model": "products.featuredproduct", "pk": 6, "fields": {"catalog_number": "BSY3320", "product_name": "2 × SYBR Green qPCR Master Mix", "description": "<p>2&times;SYBR Green qPCR Master Mix (None ROX) is a special 2&times; premix for qPCR reaction using SYBR Green I chimeric fluorescence method, which contains all qPCR components except primers and DNA templates, which can reduce the operation steps, shorten the time of adding samples, and reduce the chance of contamination. The core component is genetically engineered hot-start Taq DNA Polymerase, which effectively seals off DNA polymerase activity and prevents non-specific amplification at low temperatures by efficiently combining monoclonal antibody and Taq DNA Polymerase, with many advantages such as high specificity and high sensitivity, and is coupled with a reaction buffer optimized for qPCR. It is very suitable for high specificity and high sensitivity qPCR reaction. This product is a 2&times; premixed reagent containing the optimal concentration of SYBR Green I for qPCR reaction, which can obtain a good standard curve in a wide quantification area, accurate quantification of target genes, good reproducibility and high confidence.</p>", "key_features": "<p>&bull; &nbsp; &nbsp; &nbsp; &nbsp;Easy to use: 2&times; premixed, requires only primers and DNA, reducing contamination risk.<br>&bull; &nbsp; &nbsp; &nbsp; &nbsp;High accuracy: Hot-start Taq polymerase prevents non-specific amplification.<br>&bull; &nbsp; &nbsp; &nbsp; &nbsp;Reliable results: Optimized buffer ensures accurate quantification and reproducibility.</p>", "performance_data": "<p>Zhuang, H., et al.Cartilage-targeting peptide-modified cerium oxide nanoparticles alleviate oxidative stress and cartilage damage in osteoarthritis.J Nanobiotechnology22,784(2024).PMID 39702137IF 10.2<br>Liu, S., et al.Therapeutic biomaterials with liver X receptor agonists based on the horizon of material biology to regulate atherosclerotic plaque regression in situ for devices surface engineering.Regen Biomater11,rbae089(2024).PMID 39165884IF 6.7<br>Huang, M., et al.3-Hydroxybutyrate ameliorates sepsis-associated acute lung injury by promoting autophagy through the activation of GPR109&alpha; in macrophages.Biochemical Pharmacology213,115632(2023).PMID 37263300IF 5.8<br>Sun, W., et al.4-Iodo-6-phenylpyrimidine (4-IPP) suppresses fibroblast-like synoviocyte- mediated inflammation and joint destruction associated with rheumatoid arthritis.International Immunopharmacology115,109714(2023).PMID 36657337IF 5.6<br>Zhou, Y., et al.Guominkang formula alleviate inflammation in eosinophilic asthma by regulating immune balance of Th1/2 and Treg/Th17 cells.Front Pharmacol13,978421(2022).PMID 36330091IF 5.6<br>Liu, Y.-Y., et al.Pilose antler (Cervus elaphus Linnaeus) polysaccharide and polypeptide extract inhibits bone resorption in high turnover type osteoporosis by stimulating the MAKP and MMP-9 signaling pathways.Journal of Ethnopharmacology304,116052(2023).PMID 36529246IF 5.4<br>Li, M., et al.Atorvastatin calcium alleviates UVB-induced HaCat cell senescence and skin photoaging.Sci Rep14,30010(2024).PMID 39622974IF 4.6<br>Zhu, J., et al.Molybdenum and cadmium co-induce apoptosis and ferroptosis through inhibiting Nrf2 signaling pathway in duck (Anas platyrhyncha) testes.Poult Sci24,103653(2024).PMID 38537407IF 4.4<br>Zhuang, H., et al.Trimethylamine-N-oxide sensitizes chondrocytes to mechanical loading through the upregulation of Piezo1.Food and Chemical Toxicology175,113726(2023).PMID 36925039IF 4.3</p>", "storage_info": "<p>Ship with wet ice. Store at -20&deg;C without light, valid for 12 months. Avoid freeze-thaw cycles. After thawing, it can be stably stored at 4&deg;C for one month without light.</p>", "ship_info": "Ship with wet ice", "shelf_status": true, "on_display": true, "on_discount": true, "priority": 1, "units_in_stock": 15, "units": "pcs", "union": 162}}, {"model": "products.featuredproduct", "pk": 7, "fields": {"catalog_number": "BSY3323", "product_name": "2 × Fast SYBR Green qPCR Master Mix", "description": "<p>2&times; Fast SYBR Green qPCR Master Mix (None ROX) is a special 2&times; premix for qPCR reaction using SYBR Green I chimeric fluorescence method, which contains all qPCR components except primers and DNA templates, which can reduce the operation steps, shorten the time of adding samples, and reduce the chance of contamination. The core component is genetically engineered hot-start Taq DNA Polymerase, which effectively seals off DNA polymerase activity and prevents non-specific amplification at low temperatures by efficiently combining monoclonal antibody and Taq DNA Polymerase, with many advantages such as high specificity and high sensitivity and is coupled with a reaction buffer optimized for qPCR. It is very suitable for high specificity and high sensitivity qPCR reaction. This product is a 2&times; premixed reagent containing the optimal concentration of SYBR Green I for qPCR reaction, which can obtain a good standard curve in a wide quantitative region, accurate quantification of target genes, good reproducibility, high confidence, and the fastest qPCR reaction can be completed in 30 minutes.</p>", "key_features": "<p>&bull; &nbsp; &nbsp; &nbsp; &nbsp;Fast &amp; easy: 2&times; premixed, requires only primers and DNA, completing qPCR in 30 minutes.<br>&bull; &nbsp; &nbsp; &nbsp; &nbsp;High precision: Hot-start Taq polymerase prevents non-specific amplification.<br>&bull; &nbsp; &nbsp; &nbsp; &nbsp;Reliable results: Optimized buffer ensures accurate quantification and good reproducibility.</p>", "performance_data": "<p>Li, J., et al.Downregulation of enhancer RNA AC003092.1 is associated with poor prognosis in kidney renal clear cell carcinoma.Sci Rep14,13475(2024).PMID 38866983IF 4.6<br>Li, Q., et al.Target analysis and identification of curcumin against vascular calcification.Sci Rep14,17344(2024).PMID 39069521IF 4.6<br>Chen, Y., et al.B-cell hub genes play a cardiovascular pathogenic role of in childhood obesity and Kawasaki disease as revealed by transcriptomics-based analyses.Sci Rep14,15671(2024).PMID 38977728IF 4.6<br>Tan, S., et al.Identification of Transcriptomic Signatures of Pancreatic Ductal Adenocarcinoma-Derived Exosomes That Promote Macrophage M2 Polarization and Predict Prognosis: S100A9 Reveals Tumor Progression.Clin Med Insights Oncol18,11795549241239042(2024).PMID 38510315IF 2.2</p>", "storage_info": "<p>Ship with wet ice. Store at -20&deg;C without light, valid for 12 months. Avoid freeze-thaw cycles. After thawing, it can be stably stored at 4℃ for one month without light.</p>", "ship_info": "Ship with wet ice", "shelf_status": true, "on_display": true, "on_discount": true, "priority": 1, "units_in_stock": 15, "units": "pcs", "union": 163}}, {"model": "products.featuredproduct", "pk": 8, "fields": {"catalog_number": "BADM3362", "product_name": "GN8K DNA Marker (100-8000bp)", "description": "<p><span data-sheets-root=\"1\">GN8K DNA Marker consists of 10 linear double-stranded DNA (100 bp, 250 bp, 500 bp, 750 bp, 1000 bp, 1500 bp, 2000 bp, 3000 bp, 5000 bp, 8000 bp) bands mixed with 1&times;DNA Loading Buffer containing blue indicator dye, and is suitable for the analysis of DNA bands in agarose gel electrophoresis. This product is ready-to-use, according to the experimental needs, directly take 5-10 &mu;L for electrophoresis, easy to use, clear electrophoresis bands, easy to accurately determine the content of the target product DNA. The 500 bp band in the GN8K DNA Marker has a DNA concentration of 100 ng/5 &mu;L and shows a bright band; the remaining bands have a DNA concentration of 50 ng/5 &mu;L.</span></p>", "key_features": "<p>(100 bp、250 bp、500 bp、750 bp、1000 bp、1500 bp、2000 bp、3000 bp、5000 bp、8000bp)</p>", "performance_data": "<p><em>Not available</em></p>", "storage_info": "<p>Ship with wet ice; Store at -20℃; valid for 24 months.</p>", "ship_info": "Ship with wet ice", "shelf_status": true, "on_display": true, "on_discount": true, "priority": 1, "units_in_stock": 50, "units": "pcs", "union": 157}}, {"model": "products.featuredproduct", "pk": 9, "fields": {"catalog_number": "BADM3363", "product_name": "GN10K DNA Marker (300-10000bp)", "description": "<p><span data-sheets-root=\"1\">This product, GN10K DNA Marker, consists of 10 linear double-stranded DNA (containing 300 bp, 500 bp, 800 bp, 1000 bp, 1500 bp, 2000 bp, 3000 bp, 5000 bp, 7500 bp, and 10,000 bp) bands, which have been mixed with 1&times;DNA Loading Buffer containing a blue indicator dye and is suitable for analyzing DNA bands in agarose gel electrophoresis. This product is ready-to-use, according to the experimental needs, directly take 5-10 &mu;L for electrophoresis, easy to use, clear electrophoresis bands, easy to accurately determine the content of the target product DNA. The 800 bp, 2000 bp band in the GN10K DNA Marker has a DNA concentration of 100 ng/5 &mu;L and shows a bright band; the remaining bands have a DNA concentration of 50 ng/5 &mu;L.</span></p>", "key_features": "<p>(300 bp、500 bp、800 bp、1000 bp、1500 bp、2000 bp、3000 bp、5000 bp、7500 bp、10000 bp)</p>", "performance_data": "<p><em>Not available</em></p>", "storage_info": "<p>Ship with wet ice; Store at -20℃; valid for 24 months.</p>", "ship_info": "Ship with wet ice", "shelf_status": true, "on_display": true, "on_discount": true, "priority": 1, "units_in_stock": 20, "units": "pcs", "union": 158}}, {"model": "products.featuredproduct", "pk": 10, "fields": {"catalog_number": "BADM3364", "product_name": "GN15K DNA Marker (500-15000bp)", "description": "<p><span data-sheets-root=\"1\">The GN15K DNA Marker consists of 9 linear double-stranded DNA (containing 500 bp, 1000 bp, 1500 bp, 2000 bp, 3000 bp, 5000 bp, 7500 bp, 10000 bp, 15000 bp) bands, which have been mixed with 1&times;DNA Loading Buffer containing a blue indicator dye. It is suitable for analyzing DNA bands in agarose gel electrophoresis. This product is ready-to-use, according to the experimental needs, directly take 5-10 &mu;L for electrophoresis, easy to use, clear electrophoresis bands, easy to accurately determine the content of the target product DNA. The 2000 bp band in GN15K DNA Marker with a DNA concentration of 100 ng/5 &mu;L shows bright bands; the remaining bands have a DNA concentration of 50 ng/5 &mu;L.</span></p>", "key_features": "<p>(500 bp、1000 bp、1500 bp、2000 bp、3000 bp、5000 bp、7500 bp、10000 bp、15000 bp)</p>", "performance_data": "<p><em>Not available</em></p>", "storage_info": "<p>Ship with wet ice; Store at -20℃; valid for 24 months.</p>", "ship_info": "Ship with wet ice", "shelf_status": true, "on_display": true, "on_discount": true, "priority": 1, "units_in_stock": 20, "units": "pcs", "union": 159}}, {"model": "products.featuredproduct", "pk": 11, "fields": {"catalog_number": "BAPM2083", "product_name": "Prestained Protein Marker Ⅳ (8-200 kDa)", "description": "<p><span data-sheets-root=\"1\">This product, Prestained Protein Marker IV, is composed of 11 highly pure and pre-stained recombinant proteins. It indicates a molecular weight range of 8-200 kDa in Tris-Glycine gel (~8, ~13, ~20, ~30, ~40, ~55, ~68, ~90, ~110, ~140, ~200 kDa), with the 90, 30, and 8 kDa markers appearing as pink bands, while the others appear as blue bands. This allows for the dynamic observation of protein electrophoresis or the assessment of protein transfer efficiency. It is suitable as a protein molecular weight standard for SDS-PAGE and Western blot.</span></p>", "key_features": "<p>(~8, ~13, ~20, ~30, ~40, ~55, ~68, ~90, ~110, ~140, ~200 kDa)</p>", "performance_data": "<p>Luo, J., et al.Anti-Obesity Effects of Adzuki Bean Saponins in Improving Lipid Metabolism Through Reducing Oxidative Stress and Alleviating Mitochondrial Abnormality by Activating the PI3K/Akt/GSK3&beta;/&beta;-Catenin Signaling Pathway.Antioxidants (Basel)13(2024).PMID 39594522IF 6</p>", "storage_info": "<p>Ship with wet ice; Store at -20℃, valid for 12 months.</p>", "ship_info": "Ship with wet ice", "shelf_status": true, "on_display": true, "on_discount": true, "priority": 1, "units_in_stock": 30, "units": "pcs", "union": 160}}, {"model": "products.featuredproduct", "pk": 12, "fields": {"catalog_number": "BAPM2086", "product_name": "Western Protein Marker I (Exposure)", "description": "<p>Western Protein Marker I consists of eight high-purity recombinant proteins and two pre-stained recombinant proteins, which is convenient for monitoring of electrophoresis and transfer efficiency. It is suitable as a protein molecular weight standard for SDS-PAGE and Western Blot.</p>\r\n<p>The bands display in Tris-Glycine gel range from 15-154 kDa (~12, ~22, ~28, ~38, ~50, ~62, ~70, ~78, ~113, ~154 kDa), with orange-red band at 70 kDa, blue band at 12 kDa, and the others can bind almost all types of antibodies (except chicken antibodies). Western Protein Marker I can bind the antibody to the target protein at the same time and develop color by ECL or other methods.</p>", "key_features": "<p>&nbsp;(~12, ~22, ~28, ~38, ~50, ~62, ~70, ~78, ~113, ~154 kDa)<br>orange-red band at 70 kDa, blue band at 12 kDa</p>", "performance_data": "<p>Zhang, N., et al.High expression of peroxisomal D-bifunctional protein in cytosol regulates apoptosis and energy metabolism of hepatocellular carcinoma cells via PI3K/AKT pathway.Am J Cancer Res13,1884-1903(2023).PMID 37293151IF 5.3<br>Qiu, P., et al.SPI1 Mediates N-Myristoyltransferase 1 to Advance Gastric Cancer Progression via PI3K/AKT/mTOR Pathway.Canadian Journal of Gastroenterology and Hepatology2023,2021515(2023).PMID 36967718IF 2.7</p>", "storage_info": "<p>Ship with wet ice; Store at -20&deg;C; Valid for 12 months.</p>", "ship_info": "Ship with wet ice", "shelf_status": true, "on_display": true, "on_discount": true, "priority": 1, "units_in_stock": 30, "units": "pcs", "union": 161}}, {"model": "products.image", "pk": 41, "fields": {"union": 152, "main_display": false, "image": "product_images/BAjet-1.png"}}, {"model": "products.image", "pk": 42, "fields": {"union": 152, "main_display": false, "image": "product_images/BAjet-2.jpg"}}, {"model": "products.image", "pk": 43, "fields": {"union": 152, "main_display": false, "image": "product_images/BAjet-3.jpg"}}, {"model": "products.image", "pk": 44, "fields": {"union": 153, "main_display": false, "image": "product_images/BAPoly-1.png"}}, {"model": "products.image", "pk": 45, "fields": {"union": 153, "main_display": false, "image": "product_images/BAPoly-2.jpg"}}, {"model": "products.image", "pk": 46, "fields": {"union": 153, "main_display": false, "image": "product_images/BAPoly-3.jpg"}}, {"model": "products.image", "pk": 47, "fields": {"union": 153, "main_display": false, "image": "product_images/BAPoly-4.jpg"}}, {"model": "products.image", "pk": 48, "fields": {"union": 154, "main_display": false, "image": "product_images/BioArkLipo-1.png"}}, {"model": "products.image", "pk": 49, "fields": {"union": 154, "main_display": false, "image": "product_images/BioArkLipo-2.png"}}, {"model": "products.image", "pk": 50, "fields": {"union": 154, "main_display": false, "image": "product_images/BioArkLipo-3.png"}}, {"model": "products.image", "pk": 51, "fields": {"union": 162, "main_display": false, "image": "product_images/1-BSY3320_2__SYBR_Green_qPCR_Master_Mix.jpg"}}, {"model": "products.image", "pk": 52, "fields": {"union": 162, "main_display": false, "image": "product_images/BSY3320_2__SYBR_Green_qPCR_Master_Mix_High_Rox-1.jpg"}}, {"model": "products.image", "pk": 53, "fields": {"union": 162, "main_display": false, "image": "product_images/BSY3320_2__SYBR_Green_qPCR_Master_Mix_High_Rox-2.jpg"}}, {"model": "products.image", "pk": 54, "fields": {"union": 162, "main_display": false, "image": "product_images/BSY3320_2__SYBR_Green_qPCR_Master_Mix_Low_Rox-1.jpg"}}, {"model": "products.image", "pk": 55, "fields": {"union": 162, "main_display": false, "image": "product_images/BSY3320_2__SYBR_Green_qPCR_Master_Mix_Low_Rox-2.jpg"}}, {"model": "products.image", "pk": 56, "fields": {"union": 162, "main_display": false, "image": "product_images/BSY3320_2__SYBR_Green_qPCR_Master_Mix_None_Rox-1.jpg"}}, {"model": "products.image", "pk": 57, "fields": {"union": 162, "main_display": false, "image": "product_images/BSY3320_2__SYBR_Green_qPCR_Master_Mix_None_Rox-2.jpg"}}, {"model": "products.image", "pk": 58, "fields": {"union": 163, "main_display": false, "image": "product_images/1-BSY3323_2__Fast_SYBR_Green_qPCR_Master_Mix.jpg"}}, {"model": "products.image", "pk": 59, "fields": {"union": 163, "main_display": false, "image": "product_images/BAS3323_2__Fast_SYBR_Green_qPCR_Master_Mix_None_ROX-1.jpg"}}, {"model": "products.image", "pk": 60, "fields": {"union": 163, "main_display": false, "image": "product_images/BASY3323_2__Fast_SYBR_Green_qPCR_Master_Mix_Low_ROX-2.jpg"}}, {"model": "products.image", "pk": 61, "fields": {"union": 163, "main_display": false, "image": "product_images/BSY3323_2__Fast_SYBR_Green_qPCR_Master_Mix_High_ROX-1.jpg"}}, {"model": "products.image", "pk": 62, "fields": {"union": 163, "main_display": false, "image": "product_images/BSY3323_2__Fast_SYBR_Green_qPCR_Master_Mix_High_ROX-2.jpg"}}, {"model": "products.image", "pk": 63, "fields": {"union": 163, "main_display": false, "image": "product_images/BSY3323_2__Fast_SYBR_Green_qPCR_Master_Mix_Low_ROX-1.jpg"}}, {"model": "products.image", "pk": 64, "fields": {"union": 163, "main_display": false, "image": "product_images/BSY3323_2__Fast_SYBR_Green_qPCR_Master_Mix_None_ROX-2.jpg"}}, {"model": "products.image", "pk": 65, "fields": {"union": 157, "main_display": false, "image": "product_images/BADM3362_GN8K_DNA_Marker-1.jpg"}}, {"model": "products.image", "pk": 66, "fields": {"union": 157, "main_display": false, "image": "product_images/BADM3362_GN8K_DNA_Marker-2.jpg"}}, {"model": "products.image", "pk": 67, "fields": {"union": 157, "main_display": false, "image": "product_images/BADM3362_GN8K_DNA_Marker-3.jpg"}}, {"model": "products.image", "pk": 68, "fields": {"union": 158, "main_display": false, "image": "product_images/BADM3363_GN10K_DNA_Marker-1.jpg"}}, {"model": "products.image", "pk": 69, "fields": {"union": 158, "main_display": false, "image": "product_images/BADM3363_GN10K_DNA_Marker-2.jpg"}}, {"model": "products.image", "pk": 70, "fields": {"union": 159, "main_display": false, "image": "product_images/BADM3364_GN15K_DNA_Marker-1.jpg"}}, {"model": "products.image", "pk": 71, "fields": {"union": 159, "main_display": false, "image": "product_images/BADM3364_GN15K_DNA_Marker-2.jpg"}}, {"model": "products.image", "pk": 72, "fields": {"union": 160, "main_display": false, "image": "product_images/BAPM2083_Prestained_Protein_Marker_Ⅳ-1.jpg"}}, {"model": "products.image", "pk": 73, "fields": {"union": 160, "main_display": false, "image": "product_images/BAPM2083_Prestained_Protein_Marker_Ⅳ-2.jpg"}}, {"model": "products.image", "pk": 74, "fields": {"union": 160, "main_display": false, "image": "product_images/BAPM2083_Prestained_Protein_Marker_Ⅳ-3.jpg"}}, {"model": "products.image", "pk": 75, "fields": {"union": 161, "main_display": false, "image": "product_images/BAPM2086_Western_Protein_Marker_I-1.jpg"}}, {"model": "products.image", "pk": 76, "fields": {"union": 161, "main_display": false, "image": "product_images/BAPM2086_Western_Protein_Marker_I-2.jpg"}}, {"model": "products.image", "pk": 77, "fields": {"union": 161, "main_display": false, "image": "product_images/BAPM2086_Western_Protein_Marker_I-3.jpg"}}, {"model": "products.image", "pk": 78, "fields": {"union": 161, "main_display": false, "image": "product_images/BAPM2086_Western_Protein_Marker_I-4.jpg"}}, {"model": "products.manualfile", "pk": 18, "fields": {"union": 152, "name": "BAjet for Lentivirus", "manual": "manual_files/BAjet_for_Lentivirus.pdf"}}, {"model": "products.manualfile", "pk": 19, "fields": {"union": 152, "name": "BAjet for suspension cells", "manual": "manual_files/BAjet_for_suspension_cells.pdf"}}, {"model": "products.manualfile", "pk": 20, "fields": {"union": 152, "name": "BAjet Manual", "manual": "manual_files/BAjet_Manual.pdf"}}, {"model": "products.manualfile", "pk": 21, "fields": {"union": 153, "name": "BAPoly Manual", "manual": "manual_files/BAPoly_Manual.pdf"}}, {"model": "products.manualfile", "pk": 22, "fields": {"union": 153, "name": "BAPoly for Hard-to-Transfect Mammalian Cells", "manual": "manual_files/BAPoly_for_Hard-to-Transfect_Mammalian_Cells.pdf"}}, {"model": "products.manualfile", "pk": 23, "fields": {"union": 153, "name": "BAPoly for Lentivirus", "manual": "manual_files/BAPoly_for_Lentivirus.pdf"}}, {"model": "products.manualfile", "pk": 24, "fields": {"union": 153, "name": "BAPoly for suspension cells", "manual": "manual_files/BAPoly_for_suspension_cells.pdf"}}, {"model": "products.manualfile", "pk": 25, "fields": {"union": 154, "name": "BioArkLipo® for DNA siRNA Co-transfection", "manual": "manual_files/BioArkLipo_for_DNA_siRNA_Co-transfection.pdf"}}, {"model": "products.manualfile", "pk": 26, "fields": {"union": 154, "name": "BioArkLipo® Manual", "manual": "manual_files/BioArkLipo_Manual.pdf"}}, {"model": "products.manualfile", "pk": 27, "fields": {"union": 162, "name": "BSY3320 2 × SYBR Green qPCR Master Mix (High ROX)", "manual": "manual_files/BSY3320_2__SYBR_Green_qPCR_Master_Mix_High_ROX.pdf"}}, {"model": "products.manualfile", "pk": 28, "fields": {"union": 162, "name": "BSY3320 2 × SYBR Green qPCR Master Mix (Low ROX)", "manual": "manual_files/BSY3320_2__SYBR_Green_qPCR_Master_Mix_Low_ROX.pdf"}}, {"model": "products.manualfile", "pk": 29, "fields": {"union": 162, "name": "BSY3320 2 × SYBR Green qPCR Master Mix (None ROX)", "manual": "manual_files/BSY3320_2__SYBR_Green_qPCR_Master_Mix_None_ROX.pdf"}}, {"model": "products.manualfile", "pk": 30, "fields": {"union": 163, "name": "BSY3323 2 × Fast SYBR Green qPCR Master Mix (Low ROX)", "manual": "manual_files/BSY3323_2__Fast_SYBR_Green_qPCR_Master_Mix_Low_ROX.pdf"}}, {"model": "products.manualfile", "pk": 31, "fields": {"union": 163, "name": "BSY3323 2 × Fast SYBR Green qPCR Master Mix (High ROX)", "manual": "manual_files/BSY3323_2__Fast_SYBR_Green_qPCR_Master_Mix_High_ROX.pdf"}}, {"model": "products.manualfile", "pk": 32, "fields": {"union": 163, "name": "BSY3323 2 × Fast SYBR Green qPCR Master Mix (None ROX)", "manual": "manual_files/BSY3323_2__Fast_SYBR_Green_qPCR_Master_Mix_None_ROX.pdf"}}, {"model": "products.manualfile", "pk": 33, "fields": {"union": 157, "name": "BADM3362 GN8K DNA Marker", "manual": "manual_files/BADM3362_GN8K_DNA_Marker.pdf"}}, {"model": "products.manualfile", "pk": 34, "fields": {"union": 158, "name": "BADM3363 GN10K DNA Marker", "manual": "manual_files/BADM3363_GN10K_DNA_Marker.pdf"}}, {"model": "products.manualfile", "pk": 35, "fields": {"union": 159, "name": "BADM3364 GN15K DNA Marker", "manual": "manual_files/BADM3364_GN15K_DNA_Marker.pdf"}}, {"model": "products.manualfile", "pk": 36, "fields": {"union": 160, "name": "BAPM2083 Prestained Protein Marker Ⅳ", "manual": "manual_files/BAPM2083_Prestained_Protein_Marker_Ⅳ.pdf"}}, {"model": "products.manualfile", "pk": 37, "fields": {"union": 161, "name": "BAPM2086 Western Protein Marker I", "manual": "manual_files/BAPM2086_Western_Protein_Marker_I.pdf"}}, {"model": "products.unitprice", "pk": 32, "fields": {"union": 152, "unit_size": "0.1 mL", "list_price": "26.00", "unit_price": "21.00", "on_discount": true}}, {"model": "products.unitprice", "pk": 33, "fields": {"union": 152, "unit_size": "0.5 mL", "list_price": "98.00", "unit_price": "89.00", "on_discount": true}}, {"model": "products.unitprice", "pk": 34, "fields": {"union": 152, "unit_size": "1.0 mL", "list_price": "185.00", "unit_price": "170.00", "on_discount": true}}, {"model": "products.unitprice", "pk": 35, "fields": {"union": 152, "unit_size": "5 x 1.0 mL", "list_price": "878.00", "unit_price": "701.00", "on_discount": true}}, {"model": "products.unitprice", "pk": 36, "fields": {"union": 154, "unit_size": "0.1 mL", "list_price": "40.00", "unit_price": "35.00", "on_discount": true}}, {"model": "products.unitprice", "pk": 37, "fields": {"union": 154, "unit_size": "0.5 mL", "list_price": "208.00", "unit_price": "188.00", "on_discount": true}}, {"model": "products.unitprice", "pk": 38, "fields": {"union": 154, "unit_size": "1.0 mL", "list_price": "388.00", "unit_price": "320.00", "on_discount": true}}, {"model": "products.unitprice", "pk": 39, "fields": {"union": 154, "unit_size": "6 x 1.0 mL", "list_price": "1843.00", "unit_price": "1600.00", "on_discount": true}}, {"model": "products.unitprice", "pk": 40, "fields": {"union": 153, "unit_size": "0.1 mL", "list_price": "23.00", "unit_price": "20.00", "on_discount": true}}, {"model": "products.unitprice", "pk": 41, "fields": {"union": 153, "unit_size": "0.5 mL", "list_price": "78.00", "unit_price": "65.00", "on_discount": true}}, {"model": "products.unitprice", "pk": 42, "fields": {"union": 153, "unit_size": "1.0 mL", "list_price": "149.00", "unit_price": "120.00", "on_discount": true}}, {"model": "products.unitprice", "pk": 43, "fields": {"union": 153, "unit_size": "7 x 1.0 mL", "list_price": "707.00", "unit_price": "610.00", "on_discount": true}}, {"model": "products.unitprice", "pk": 44, "fields": {"union": 162, "unit_size": "1 mL (None ROX)", "list_price": "99.00", "unit_price": "75.00", "on_discount": true}}, {"model": "products.unitprice", "pk": 45, "fields": {"union": 162, "unit_size": "1 mL (Low ROX)", "list_price": "99.00", "unit_price": "75.00", "on_discount": true}}, {"model": "products.unitprice", "pk": 46, "fields": {"union": 162, "unit_size": "1 mL (High ROX)", "list_price": "99.00", "unit_price": "75.00", "on_discount": true}}, {"model": "products.unitprice", "pk": 47, "fields": {"union": 163, "unit_size": "1 mL (None ROX)", "list_price": "99.00", "unit_price": "75.00", "on_discount": true}}, {"model": "products.unitprice", "pk": 48, "fields": {"union": 163, "unit_size": "1 mL (Low ROX)", "list_price": "99.00", "unit_price": "75.00", "on_discount": true}}, {"model": "products.unitprice", "pk": 49, "fields": {"union": 163, "unit_size": "1 mL (High ROX)", "list_price": "99.00", "unit_price": "75.00", "on_discount": true}}, {"model": "products.unitprice", "pk": 50, "fields": {"union": 157, "unit_size": "500 μL", "list_price": "47.00", "unit_price": "39.00", "on_discount": true}}, {"model": "products.unitprice", "pk": 51, "fields": {"union": 157, "unit_size": "2 x 500 μL", "list_price": "89.00", "unit_price": "75.00", "on_discount": true}}, {"model": "products.unitprice", "pk": 52, "fields": {"union": 157, "unit_size": "5 x 500 μL", "list_price": "215.00", "unit_price": "175.00", "on_discount": true}}, {"model": "products.unitprice", "pk": 53, "fields": {"union": 158, "unit_size": "500 μL", "list_price": "47.00", "unit_price": "39.00", "on_discount": true}}, {"model": "products.unitprice", "pk": 54, "fields": {"union": 158, "unit_size": "2 x 500 μL", "list_price": "89.00", "unit_price": "75.00", "on_discount": true}}, {"model": "products.unitprice", "pk": 55, "fields": {"union": 158, "unit_size": "5 x 500 μL", "list_price": "215.00", "unit_price": "175.00", "on_discount": true}}, {"model": "products.unitprice", "pk": 56, "fields": {"union": 159, "unit_size": "500 μL", "list_price": "47.00", "unit_price": "39.00", "on_discount": true}}, {"model": "products.unitprice", "pk": 57, "fields": {"union": 159, "unit_size": "2 x 500 μL", "list_price": "89.00", "unit_price": "75.00", "on_discount": true}}, {"model": "products.unitprice", "pk": 58, "fields": {"union": 159, "unit_size": "5 x 500 μL", "list_price": "215.00", "unit_price": "175.00", "on_discount": true}}, {"model": "products.unitprice", "pk": 59, "fields": {"union": 160, "unit_size": "250 μL", "list_price": "59.00", "unit_price": "48.00", "on_discount": true}}, {"model": "products.unitprice", "pk": 60, "fields": {"union": 160, "unit_size": "2 x 250 μL", "list_price": "120.00", "unit_price": "91.00", "on_discount": true}}, {"model": "products.unitprice", "pk": 61, "fields": {"union": 160, "unit_size": "3 x 250 μL", "list_price": "180.00", "unit_price": "139.00", "on_discount": true}}, {"model": "products.unitprice", "pk": 62, "fields": {"union": 161, "unit_size": "250 μL", "list_price": "59.00", "unit_price": "48.00", "on_discount": true}}, {"model": "products.unitprice", "pk": 63, "fields": {"union": 161, "unit_size": "2 x 250 μL", "list_price": "120.00", "unit_price": "91.00", "on_discount": true}}, {"model": "products.unitprice", "pk": 64, "fields": {"union": 161, "unit_size": "3 x 250 μL", "list_price": "180.00", "unit_price": "139.00", "on_discount": true}}]